				<uri>http://purl.org/midi-ld/piece/8cf9897535d79e68c33a3076aa06d073/track00/event0000</uri>
				<uri>http://purl.org/midi-ld/piece/8cf9897535d79e68c33a3076aa06d073/track00/event0001</uri>
				<uri>http://purl.org/midi-ld/piece/8cf9897535d79e68c33a3076aa06d073/track00/event0002</uri>
				<uri>http://purl.org/midi-ld/piece/8cf9897535d79e68c33a3076aa06d073/track00/event0003</uri>
				<uri>http://purl.org/midi-ld/piece/8cf9897535d79e68c33a3076aa06d073/track00/event0004</uri>
				<uri>http://purl.org/midi-ld/piece/8cf9897535d79e68c33a3076aa06d073/track00/event0005</uri>
				<uri>http://purl.org/midi-ld/piece/8cf9897535d79e68c33a3076aa06d073/track00/event0006</uri>
				<uri>http://purl.org/midi-ld/piece/8cf9897535d79e68c33a3076aa06d073/track00/event0007</uri>
				<uri>http://purl.org/midi-ld/piece/8cf9897535d79e68c33a3076aa06d073/track00/event0008</uri>
				<uri>http://purl.org/midi-ld/piece/8cf9897535d79e68c33a3076aa06d073/track00/event0009</uri>
				<uri>http://purl.org/midi-ld/piece/8cf9897535d79e68c33a3076aa06d073/track00/event0010</uri>
				<uri>http://purl.org/midi-ld/piece/8cf9897535d79e68c33a3076aa06d073/track00/event0011</uri>
				<uri>http://purl.org/midi-ld/piece/8cf9897535d79e68c33a3076aa06d073/track00/event0012</uri>
				<uri>http://purl.org/midi-ld/piece/8cf9897535d79e68c33a3076aa06d073/track00/event0013</uri>
				<uri>http://purl.org/midi-ld/piece/8cf9897535d79e68c33a3076aa06d073/track00/event0014</uri>
				<uri>http://purl.org/midi-ld/piece/8cf9897535d79e68c33a3076aa06d073/track00/event0015</uri>
				<uri>http://purl.org/midi-ld/piece/8cf9897535d79e68c33a3076aa06d073/track00/event0016</uri>
				<uri>http://purl.org/midi-ld/piece/8cf9897535d79e68c33a3076aa06d073/track00/event0017</uri>
				<uri>http://purl.org/midi-ld/piece/8cf9897535d79e68c33a3076aa06d073/track00/event0018</uri>
				<uri>http://purl.org/midi-ld/piece/8cf9897535d79e68c33a3076aa06d073/track00/event0019</uri>
				<uri>http://purl.org/midi-ld/piece/8cf9897535d79e68c33a3076aa06d073/track00/event0020</uri>
				<uri>http://purl.org/midi-ld/piece/8cf9897535d79e68c33a3076aa06d073/track00/event0021</uri>
				<uri>http://purl.org/midi-ld/piece/8cf9897535d79e68c33a3076aa06d073/track00/event0022</uri>
				<uri>http://purl.org/midi-ld/piece/8cf9897535d79e68c33a3076aa06d073/track00/event0023</uri>
				<uri>http://purl.org/midi-ld/piece/8cf9897535d79e68c33a3076aa06d073/track00/event0024</uri>
				<uri>http://purl.org/midi-ld/piece/8cf9897535d79e68c33a3076aa06d073/track00/event0025</uri>
				<uri>http://purl.org/midi-ld/piece/8cf9897535d79e68c33a3076aa06d073/track00/event0026</uri>
				<uri>http://purl.org/midi-ld/piece/8cf9897535d79e68c33a3076aa06d073/track00/event0027</uri>
				<uri>http://purl.org/midi-ld/piece/8cf9897535d79e68c33a3076aa06d073/track00/event0028</uri>
				<uri>http://purl.org/midi-ld/piece/8cf9897535d79e68c33a3076aa06d073/track00/event0029</uri>
				<uri>http://purl.org/midi-ld/piece/8cf9897535d79e68c33a3076aa06d073/track00/event0030</uri>
				<uri>http://purl.org/midi-ld/piece/8cf9897535d79e68c33a3076aa06d073/track00/event0031</uri>
				<uri>http://purl.org/midi-ld/piece/8cf9897535d79e68c33a3076aa06d073/track00/event0032</uri>
				<uri>http://purl.org/midi-ld/piece/8cf9897535d79e68c33a3076aa06d073/track00/event0033</uri>
				<uri>http://purl.org/midi-ld/piece/8cf9897535d79e68c33a3076aa06d073/track00/event0034</uri>
				<uri>http://purl.org/midi-ld/piece/8cf9897535d79e68c33a3076aa06d073/track00/event0035</uri>
				<uri>http://purl.org/midi-ld/piece/8cf9897535d79e68c33a3076aa06d073/track00/event0036</uri>
				<uri>http://purl.org/midi-ld/piece/8cf9897535d79e68c33a3076aa06d073/track00/event0037</uri>
				<uri>http://purl.org/midi-ld/piece/8cf9897535d79e68c33a3076aa06d073/track00/event0038</uri>
				<uri>http://purl.org/midi-ld/piece/8cf9897535d79e68c33a3076aa06d073/track00/event0039</uri>
				<uri>http://purl.org/midi-ld/piece/8cf9897535d79e68c33a3076aa06d073/track00/event0040</uri>
				<uri>http://purl.org/midi-ld/piece/8cf9897535d79e68c33a3076aa06d073/track00/event0041</uri>
				<uri>http://purl.org/midi-ld/piece/8cf9897535d79e68c33a3076aa06d073/track00/event0042</uri>
				<uri>http://purl.org/midi-ld/piece/8cf9897535d79e68c33a3076aa06d073/track00/event0043</uri>
				<uri>http://purl.org/midi-ld/piece/8cf9897535d79e68c33a3076aa06d073/track00/event0044</uri>
				<uri>http://purl.org/midi-ld/piece/8cf9897535d79e68c33a3076aa06d073/track00/event0045</uri>
				<uri>http://purl.org/midi-ld/piece/8cf9897535d79e68c33a3076aa06d073/track00/event0046</uri>
				<uri>http://purl.org/midi-ld/piece/8cf9897535d79e68c33a3076aa06d073/track00/event0047</uri>
				<uri>http://purl.org/midi-ld/piece/8cf9897535d79e68c33a3076aa06d073/track00/event0048</uri>
				<uri>http://purl.org/midi-ld/piece/8cf9897535d79e68c33a3076aa06d073/track00/event0049</uri>
				<uri>http://purl.org/midi-ld/piece/8cf9897535d79e68c33a3076aa06d073/track00/event0050</uri>
				<uri>http://purl.org/midi-ld/piece/8cf9897535d79e68c33a3076aa06d073/track00/event0051</uri>
				<uri>http://purl.org/midi-ld/piece/8cf9897535d79e68c33a3076aa06d073/track00/event0052</uri>
				<uri>http://purl.org/midi-ld/piece/8cf9897535d79e68c33a3076aa06d073/track00/event0053</uri>
				<uri>http://purl.org/midi-ld/piece/8cf9897535d79e68c33a3076aa06d073/track00/event0054</uri>
				<uri>http://purl.org/midi-ld/piece/8cf9897535d79e68c33a3076aa06d073/track00/event0055</uri>
				<uri>http://purl.org/midi-ld/piece/8cf9897535d79e68c33a3076aa06d073/track00/event0056</uri>
				<uri>http://purl.org/midi-ld/piece/8cf9897535d79e68c33a3076aa06d073/track00/event0057</uri>
				<uri>http://purl.org/midi-ld/piece/8cf9897535d79e68c33a3076aa06d073/track00/event0058</uri>
				<uri>http://purl.org/midi-ld/piece/8cf9897535d79e68c33a3076aa06d073/track00/event0059</uri>
				<uri>http://purl.org/midi-ld/piece/8cf9897535d79e68c33a3076aa06d073/track00/event0060</uri>
				<uri>http://purl.org/midi-ld/piece/8cf9897535d79e68c33a3076aa06d073/track00/event0061</uri>
				<uri>http://purl.org/midi-ld/piece/8cf9897535d79e68c33a3076aa06d073/track00/event0062</uri>
				<uri>http://purl.org/midi-ld/piece/8cf9897535d79e68c33a3076aa06d073/track00/event0063</uri>
				<uri>http://purl.org/midi-ld/piece/8cf9897535d79e68c33a3076aa06d073/track00/event0064</uri>
				<uri>http://purl.org/midi-ld/piece/8cf9897535d79e68c33a3076aa06d073/track00/event0065</uri>
				<uri>http://purl.org/midi-ld/piece/8cf9897535d79e68c33a3076aa06d073/track00/event0066</uri>
				<uri>http://purl.org/midi-ld/piece/8cf9897535d79e68c33a3076aa06d073/track00/event0067</uri>
				<uri>http://purl.org/midi-ld/piece/8cf9897535d79e68c33a3076aa06d073/track00/event0068</uri>
				<uri>http://purl.org/midi-ld/piece/8cf9897535d79e68c33a3076aa06d073/track00/event0069</uri>
				<uri>http://purl.org/midi-ld/piece/8cf9897535d79e68c33a3076aa06d073/track00/event0070</uri>
				<uri>http://purl.org/midi-ld/piece/8cf9897535d79e68c33a3076aa06d073/track00/event0071</uri>
				<uri>http://purl.org/midi-ld/piece/8cf9897535d79e68c33a3076aa06d073/track00/event0072</uri>
				<uri>http://purl.org/midi-ld/piece/8cf9897535d79e68c33a3076aa06d073/track00/event0073</uri>
				<uri>http://purl.org/midi-ld/piece/8cf9897535d79e68c33a3076aa06d073/track00/event0074</uri>
				<uri>http://purl.org/midi-ld/piece/8cf9897535d79e68c33a3076aa06d073/track00/event0075</uri>
				<uri>http://purl.org/midi-ld/piece/8cf9897535d79e68c33a3076aa06d073/track00/event0076</uri>
				<uri>http://purl.org/midi-ld/piece/8cf9897535d79e68c33a3076aa06d073/track00/event0077</uri>
				<uri>http://purl.org/midi-ld/piece/8cf9897535d79e68c33a3076aa06d073/track00/event0078</uri>
				<uri>http://purl.org/midi-ld/piece/8cf9897535d79e68c33a3076aa06d073/track00/event0079</uri>
				<uri>http://purl.org/midi-ld/piece/8cf9897535d79e68c33a3076aa06d073/track00/event0080</uri>
				<uri>http://purl.org/midi-ld/piece/8cf9897535d79e68c33a3076aa06d073/track00/event0081</uri>
				<uri>http://purl.org/midi-ld/piece/8cf9897535d79e68c33a3076aa06d073/track00/event0082</uri>
				<uri>http://purl.org/midi-ld/piece/8cf9897535d79e68c33a3076aa06d073/track00/event0083</uri>
				<uri>http://purl.org/midi-ld/piece/8cf9897535d79e68c33a3076aa06d073/track00/event0084</uri>
				<uri>http://purl.org/midi-ld/piece/8cf9897535d79e68c33a3076aa06d073/track00/event0085</uri>
				<uri>http://purl.org/midi-ld/piece/8cf9897535d79e68c33a3076aa06d073/track00/event0086</uri>
				<uri>http://purl.org/midi-ld/piece/8cf9897535d79e68c33a3076aa06d073/track00/event0087</uri>
				<uri>http://purl.org/midi-ld/piece/8cf9897535d79e68c33a3076aa06d073/track00/event0088</uri>
				<uri>http://purl.org/midi-ld/piece/8cf9897535d79e68c33a3076aa06d073/track00/event0089</uri>
				<uri>http://purl.org/midi-ld/piece/8cf9897535d79e68c33a3076aa06d073/track00/event0090</uri>
				<uri>http://purl.org/midi-ld/piece/8cf9897535d79e68c33a3076aa06d073/track00/event0091</uri>
				<uri>http://purl.org/midi-ld/piece/8cf9897535d79e68c33a3076aa06d073/track00/event0092</uri>
				<uri>http://purl.org/midi-ld/piece/8cf9897535d79e68c33a3076aa06d073/track00/event0093</uri>
				<uri>http://purl.org/midi-ld/piece/8cf9897535d79e68c33a3076aa06d073/track00/event0094</uri>
				<uri>http://purl.org/midi-ld/piece/8cf9897535d79e68c33a3076aa06d073/track00/event0095</uri>
				<uri>http://purl.org/midi-ld/piece/8cf9897535d79e68c33a3076aa06d073/track00/event0096</uri>
				<uri>http://purl.org/midi-ld/piece/8cf9897535d79e68c33a3076aa06d073/track00/event0094</uri>
				<uri>http://purl.org/midi-ld/piece/8cf9897535d79e68c33a3076aa06d073/track00/event0097</uri>
				<uri>http://purl.org/midi-ld/piece/8cf9897535d79e68c33a3076aa06d073/track00/event0098</uri>
				<uri>http://purl.org/midi-ld/piece/8cf9897535d79e68c33a3076aa06d073/track00/event0099</uri>
				<uri>http://purl.org/midi-ld/piece/8cf9897535d79e68c33a3076aa06d073/track00/event0100</uri>
				<uri>http://purl.org/midi-ld/piece/8cf9897535d79e68c33a3076aa06d073/track00/event0101</uri>
				<uri>http://purl.org/midi-ld/piece/8cf9897535d79e68c33a3076aa06d073/track00/event0102</uri>
				<uri>http://purl.org/midi-ld/piece/8cf9897535d79e68c33a3076aa06d073/track00/event0103</uri>
				<uri>http://purl.org/midi-ld/piece/8cf9897535d79e68c33a3076aa06d073/track00/event0104</uri>
				<uri>http://purl.org/midi-ld/piece/8cf9897535d79e68c33a3076aa06d073/track00/event0105</uri>
				<uri>http://purl.org/midi-ld/piece/8cf9897535d79e68c33a3076aa06d073/track00/event0106</uri>
				<uri>http://purl.org/midi-ld/piece/8cf9897535d79e68c33a3076aa06d073/track00/event0107</uri>
				<uri>http://purl.org/midi-ld/piece/8cf9897535d79e68c33a3076aa06d073/track00/event0108</uri>
				<uri>http://purl.org/midi-ld/piece/8cf9897535d79e68c33a3076aa06d073/track00/event0109</uri>
				<uri>http://purl.org/midi-ld/piece/8cf9897535d79e68c33a3076aa06d073/track00/event0110</uri>
				<uri>http://purl.org/midi-ld/piece/8cf9897535d79e68c33a3076aa06d073/track00/event0111</uri>
				<uri>http://purl.org/midi-ld/piece/8cf9897535d79e68c33a3076aa06d073/track00/event0112</uri>
				<uri>http://purl.org/midi-ld/piece/8cf9897535d79e68c33a3076aa06d073/track00/event0113</uri>
				<uri>http://purl.org/midi-ld/piece/8cf9897535d79e68c33a3076aa06d073/track00/event0114</uri>
				<uri>http://purl.org/midi-ld/piece/8cf9897535d79e68c33a3076aa06d073/track00/event0115</uri>
				<uri>http://purl.org/midi-ld/piece/8cf9897535d79e68c33a3076aa06d073/track00/event0116</uri>
				<uri>http://purl.org/midi-ld/piece/8cf9897535d79e68c33a3076aa06d073/track00/event0117</uri>
				<uri>http://purl.org/midi-ld/piece/8cf9897535d79e68c33a3076aa06d073/track00/event0118</uri>
				<uri>http://purl.org/midi-ld/piece/8cf9897535d79e68c33a3076aa06d073/track00/event0119</uri>
				<uri>http://purl.org/midi-ld/piece/8cf9897535d79e68c33a3076aa06d073/track00/event0120</uri>
				<uri>http://purl.org/midi-ld/piece/8cf9897535d79e68c33a3076aa06d073/track00/event0121</uri>
				<uri>http://purl.org/midi-ld/piece/8cf9897535d79e68c33a3076aa06d073/track00/event0122</uri>
				<uri>http://purl.org/midi-ld/piece/8cf9897535d79e68c33a3076aa06d073/track00/event0123</uri>
				<uri>http://purl.org/midi-ld/piece/8cf9897535d79e68c33a3076aa06d073/track00/event0124</uri>
				<uri>http://purl.org/midi-ld/piece/8cf9897535d79e68c33a3076aa06d073/track00/event0125</uri>
				<uri>http://purl.org/midi-ld/piece/8cf9897535d79e68c33a3076aa06d073/track00/event0126</uri>
				<uri>http://purl.org/midi-ld/piece/8cf9897535d79e68c33a3076aa06d073/track00/event0127</uri>
				<uri>http://purl.org/midi-ld/piece/8cf9897535d79e68c33a3076aa06d073/track00/event0128</uri>
				<uri>http://purl.org/midi-ld/piece/8cf9897535d79e68c33a3076aa06d073/track00/event0129</uri>
				<uri>http://purl.org/midi-ld/piece/8cf9897535d79e68c33a3076aa06d073/track00/event0130</uri>
				<uri>http://purl.org/midi-ld/piece/8cf9897535d79e68c33a3076aa06d073/track00/event0131</uri>
				<uri>http://purl.org/midi-ld/piece/8cf9897535d79e68c33a3076aa06d073/track00/event0132</uri>
				<uri>http://purl.org/midi-ld/piece/8cf9897535d79e68c33a3076aa06d073/track00/event0133</uri>
				<uri>http://purl.org/midi-ld/piece/8cf9897535d79e68c33a3076aa06d073/track00/event0134</uri>
				<uri>http://purl.org/midi-ld/piece/8cf9897535d79e68c33a3076aa06d073/track00/event0135</uri>
				<uri>http://purl.org/midi-ld/piece/8cf9897535d79e68c33a3076aa06d073/track00/event0136</uri>
				<uri>http://purl.org/midi-ld/piece/8cf9897535d79e68c33a3076aa06d073/track00/event0137</uri>
				<uri>http://purl.org/midi-ld/piece/8cf9897535d79e68c33a3076aa06d073/track00/event0138</uri>
				<uri>http://purl.org/midi-ld/piece/8cf9897535d79e68c33a3076aa06d073/track00/event0139</uri>
				<uri>http://purl.org/midi-ld/piece/8cf9897535d79e68c33a3076aa06d073/track00/event0140</uri>
				<uri>http://purl.org/midi-ld/piece/8cf9897535d79e68c33a3076aa06d073/track00/event0141</uri>
				<uri>http://purl.org/midi-ld/piece/8cf9897535d79e68c33a3076aa06d073/track00/event0142</uri>
				<uri>http://purl.org/midi-ld/piece/8cf9897535d79e68c33a3076aa06d073/track00/event0143</uri>
				<uri>http://purl.org/midi-ld/piece/8cf9897535d79e68c33a3076aa06d073/track00/event0144</uri>
				<uri>http://purl.org/midi-ld/piece/8cf9897535d79e68c33a3076aa06d073/track00/event0145</uri>
				<uri>http://purl.org/midi-ld/piece/8cf9897535d79e68c33a3076aa06d073/track00/event0146</uri>
				<uri>http://purl.org/midi-ld/piece/8cf9897535d79e68c33a3076aa06d073/track00/event0147</uri>
				<uri>http://purl.org/midi-ld/piece/8cf9897535d79e68c33a3076aa06d073/track00/event0148</uri>
				<uri>http://purl.org/midi-ld/piece/8cf9897535d79e68c33a3076aa06d073/track00/event0149</uri>
				<uri>http://purl.org/midi-ld/piece/8cf9897535d79e68c33a3076aa06d073/track00/event0150</uri>
				<uri>http://purl.org/midi-ld/piece/8cf9897535d79e68c33a3076aa06d073/track00/event0151</uri>
				<uri>http://purl.org/midi-ld/piece/8cf9897535d79e68c33a3076aa06d073/track00/event0152</uri>
				<uri>http://purl.org/midi-ld/piece/8cf9897535d79e68c33a3076aa06d073/track00/event0153</uri>
				<uri>http://purl.org/midi-ld/piece/8cf9897535d79e68c33a3076aa06d073/track00/event0154</uri>
				<uri>http://purl.org/midi-ld/piece/8cf9897535d79e68c33a3076aa06d073/track00/event0155</uri>
				<uri>http://purl.org/midi-ld/piece/8cf9897535d79e68c33a3076aa06d073/track00/event0156</uri>
				<uri>http://purl.org/midi-ld/piece/8cf9897535d79e68c33a3076aa06d073/track00/event0157</uri>
				<uri>http://purl.org/midi-ld/piece/8cf9897535d79e68c33a3076aa06d073/track00/event0158</uri>
				<uri>http://purl.org/midi-ld/piece/8cf9897535d79e68c33a3076aa06d073/track00/event0159</uri>
				<uri>http://purl.org/midi-ld/piece/8cf9897535d79e68c33a3076aa06d073/track00/event0160</uri>
				<uri>http://purl.org/midi-ld/piece/8cf9897535d79e68c33a3076aa06d073/track00/event0161</uri>
				<uri>http://purl.org/midi-ld/piece/8cf9897535d79e68c33a3076aa06d073/track00/event0162</uri>
				<uri>http://purl.org/midi-ld/piece/8cf9897535d79e68c33a3076aa06d073/track00/event0163</uri>
				<uri>http://purl.org/midi-ld/piece/8cf9897535d79e68c33a3076aa06d073/track00/event0164</uri>
				<uri>http://purl.org/midi-ld/piece/8cf9897535d79e68c33a3076aa06d073/track00/event0165</uri>
				<uri>http://purl.org/midi-ld/piece/8cf9897535d79e68c33a3076aa06d073/track00/event0166</uri>
				<uri>http://purl.org/midi-ld/piece/8cf9897535d79e68c33a3076aa06d073/track00/event0167</uri>
				<uri>http://purl.org/midi-ld/piece/8cf9897535d79e68c33a3076aa06d073/track00/event0168</uri>
				<uri>http://purl.org/midi-ld/piece/8cf9897535d79e68c33a3076aa06d073/track00/event0169</uri>
				<uri>http://purl.org/midi-ld/piece/8cf9897535d79e68c33a3076aa06d073/track00/event0170</uri>
				<uri>http://purl.org/midi-ld/piece/8cf9897535d79e68c33a3076aa06d073/track00/event0171</uri>
				<uri>http://purl.org/midi-ld/piece/8cf9897535d79e68c33a3076aa06d073/track00/event0172</uri>
				<uri>http://purl.org/midi-ld/piece/8cf9897535d79e68c33a3076aa06d073/track00/event0173</uri>
				<uri>http://purl.org/midi-ld/piece/8cf9897535d79e68c33a3076aa06d073/track00/event0174</uri>
				<uri>http://purl.org/midi-ld/piece/8cf9897535d79e68c33a3076aa06d073/track00/event0175</uri>
				<uri>http://purl.org/midi-ld/piece/8cf9897535d79e68c33a3076aa06d073/track00/event0176</uri>
				<uri>http://purl.org/midi-ld/piece/8cf9897535d79e68c33a3076aa06d073/track00/event0177</uri>
				<uri>http://purl.org/midi-ld/piece/8cf9897535d79e68c33a3076aa06d073/track00/event0178</uri>
				<uri>http://purl.org/midi-ld/piece/8cf9897535d79e68c33a3076aa06d073/track00/event0179</uri>
				<uri>http://purl.org/midi-ld/piece/8cf9897535d79e68c33a3076aa06d073/track00/event0180</uri>
				<uri>http://purl.org/midi-ld/piece/8cf9897535d79e68c33a3076aa06d073/track00/event0181</uri>
				<uri>http://purl.org/midi-ld/piece/8cf9897535d79e68c33a3076aa06d073/track00/event0182</uri>
				<uri>http://purl.org/midi-ld/piece/8cf9897535d79e68c33a3076aa06d073/track00/event0183</uri>
				<uri>http://purl.org/midi-ld/piece/8cf9897535d79e68c33a3076aa06d073/track00/event0184</uri>
				<uri>http://purl.org/midi-ld/piece/8cf9897535d79e68c33a3076aa06d073/track00/event0185</uri>
				<uri>http://purl.org/midi-ld/piece/8cf9897535d79e68c33a3076aa06d073/track00/event0186</uri>
				<uri>http://purl.org/midi-ld/piece/8cf9897535d79e68c33a3076aa06d073/track00/event0187</uri>
				<uri>http://purl.org/midi-ld/piece/8cf9897535d79e68c33a3076aa06d073/track00/event0188</uri>
				<uri>http://purl.org/midi-ld/piece/8cf9897535d79e68c33a3076aa06d073/track00/event0189</uri>
				<uri>http://purl.org/midi-ld/piece/8cf9897535d79e68c33a3076aa06d073/track00/event0190</uri>
				<uri>http://purl.org/midi-ld/piece/8cf9897535d79e68c33a3076aa06d073/track00/event0191</uri>
				<uri>http://purl.org/midi-ld/piece/8cf9897535d79e68c33a3076aa06d073/track00/event0192</uri>
				<uri>http://purl.org/midi-ld/piece/8cf9897535d79e68c33a3076aa06d073/track00/event0193</uri>
				<uri>http://purl.org/midi-ld/piece/8cf9897535d79e68c33a3076aa06d073/track00/event0194</uri>
				<uri>http://purl.org/midi-ld/piece/8cf9897535d79e68c33a3076aa06d073/track00/event0195</uri>
				<uri>http://purl.org/midi-ld/piece/8cf9897535d79e68c33a3076aa06d073/track00/event0196</uri>
				<uri>http://purl.org/midi-ld/piece/8cf9897535d79e68c33a3076aa06d073/track00/event0197</uri>
				<uri>http://purl.org/midi-ld/piece/8cf9897535d79e68c33a3076aa06d073/track00/event0198</uri>
				<uri>http://purl.org/midi-ld/piece/8cf9897535d79e68c33a3076aa06d073/track00/event0200</uri>
				<uri>http://purl.org/midi-ld/piece/8cf9897535d79e68c33a3076aa06d073/track00/event0201</uri>
				<uri>http://purl.org/midi-ld/piece/8cf9897535d79e68c33a3076aa06d073/track00/event0202</uri>
				<uri>http://purl.org/midi-ld/piece/8cf9897535d79e68c33a3076aa06d073/track00/event0199</uri>
				<uri>http://purl.org/midi-ld/piece/8cf9897535d79e68c33a3076aa06d073/track00/event0203</uri>
				<uri>http://purl.org/midi-ld/piece/8cf9897535d79e68c33a3076aa06d073/track00/event0204</uri>
				<uri>http://purl.org/midi-ld/piece/8cf9897535d79e68c33a3076aa06d073/track00/event0205</uri>
				<uri>http://purl.org/midi-ld/piece/8cf9897535d79e68c33a3076aa06d073/track00/event0206</uri>
				<uri>http://purl.org/midi-ld/piece/8cf9897535d79e68c33a3076aa06d073/track00/event0207</uri>
				<uri>http://purl.org/midi-ld/piece/8cf9897535d79e68c33a3076aa06d073/track00/event0208</uri>
				<uri>http://purl.org/midi-ld/piece/8cf9897535d79e68c33a3076aa06d073/track00/event0209</uri>
				<uri>http://purl.org/midi-ld/piece/8cf9897535d79e68c33a3076aa06d073/track00/event0210</uri>
				<uri>http://purl.org/midi-ld/piece/8cf9897535d79e68c33a3076aa06d073/track00/event0211</uri>
				<uri>http://purl.org/midi-ld/piece/8cf9897535d79e68c33a3076aa06d073/track00/event0212</uri>
				<uri>http://purl.org/midi-ld/piece/8cf9897535d79e68c33a3076aa06d073/track00/event0213</uri>
				<uri>http://purl.org/midi-ld/piece/8cf9897535d79e68c33a3076aa06d073/track00/event0214</uri>
				<uri>http://purl.org/midi-ld/piece/8cf9897535d79e68c33a3076aa06d073/track00/event0215</uri>
				<uri>http://purl.org/midi-ld/piece/8cf9897535d79e68c33a3076aa06d073/track00/event0216</uri>
				<uri>http://purl.org/midi-ld/piece/8cf9897535d79e68c33a3076aa06d073/track00/event0217</uri>
				<uri>http://purl.org/midi-ld/piece/8cf9897535d79e68c33a3076aa06d073/track00/event0218</uri>
				<uri>http://purl.org/midi-ld/piece/8cf9897535d79e68c33a3076aa06d073/track00/event0219</uri>
				<uri>http://purl.org/midi-ld/piece/8cf9897535d79e68c33a3076aa06d073/track00/event0220</uri>
				<uri>http://purl.org/midi-ld/piece/8cf9897535d79e68c33a3076aa06d073/track00/event0221</uri>
				<uri>http://purl.org/midi-ld/piece/8cf9897535d79e68c33a3076aa06d073/track00/event0222</uri>
				<uri>http://purl.org/midi-ld/piece/8cf9897535d79e68c33a3076aa06d073/track00/event0223</uri>
				<uri>http://purl.org/midi-ld/piece/8cf9897535d79e68c33a3076aa06d073/track00/event0224</uri>
				<uri>http://purl.org/midi-ld/piece/8cf9897535d79e68c33a3076aa06d073/track00/event0225</uri>
				<uri>http://purl.org/midi-ld/piece/8cf9897535d79e68c33a3076aa06d073/track00/event0226</uri>
				<uri>http://purl.org/midi-ld/piece/8cf9897535d79e68c33a3076aa06d073/track00/event0227</uri>
				<uri>http://purl.org/midi-ld/piece/8cf9897535d79e68c33a3076aa06d073/track00/event0228</uri>
				<uri>http://purl.org/midi-ld/piece/8cf9897535d79e68c33a3076aa06d073/track00/event0229</uri>
				<uri>http://purl.org/midi-ld/piece/8cf9897535d79e68c33a3076aa06d073/track00/event0230</uri>
				<uri>http://purl.org/midi-ld/piece/8cf9897535d79e68c33a3076aa06d073/track00/event0231</uri>
				<uri>http://purl.org/midi-ld/piece/8cf9897535d79e68c33a3076aa06d073/track00/event0232</uri>
				<uri>http://purl.org/midi-ld/piece/8cf9897535d79e68c33a3076aa06d073/track00/event0233</uri>
				<uri>http://purl.org/midi-ld/piece/8cf9897535d79e68c33a3076aa06d073/track00/event0234</uri>
				<uri>http://purl.org/midi-ld/piece/8cf9897535d79e68c33a3076aa06d073/track00/event0235</uri>
				<uri>http://purl.org/midi-ld/piece/8cf9897535d79e68c33a3076aa06d073/track00/event0236</uri>
				<uri>http://purl.org/midi-ld/piece/8cf9897535d79e68c33a3076aa06d073/track00/event0237</uri>
				<uri>http://purl.org/midi-ld/piece/8cf9897535d79e68c33a3076aa06d073/track00/event0238</uri>
				<uri>http://purl.org/midi-ld/piece/8cf9897535d79e68c33a3076aa06d073/track00/event0239</uri>
				<uri>http://purl.org/midi-ld/piece/8cf9897535d79e68c33a3076aa06d073/track00/event0240</uri>
				<uri>http://purl.org/midi-ld/piece/8cf9897535d79e68c33a3076aa06d073/track00/event0241</uri>
				<uri>http://purl.org/midi-ld/piece/8cf9897535d79e68c33a3076aa06d073/track00/event0242</uri>
				<uri>http://purl.org/midi-ld/piece/8cf9897535d79e68c33a3076aa06d073/track00/event0243</uri>
				<uri>http://purl.org/midi-ld/piece/8cf9897535d79e68c33a3076aa06d073/track00/event0244</uri>
				<uri>http://purl.org/midi-ld/piece/8cf9897535d79e68c33a3076aa06d073/track00/event0245</uri>
				<uri>http://purl.org/midi-ld/piece/8cf9897535d79e68c33a3076aa06d073/track00/event0246</uri>
				<uri>http://purl.org/midi-ld/piece/8cf9897535d79e68c33a3076aa06d073/track00/event0247</uri>
				<uri>http://purl.org/midi-ld/piece/8cf9897535d79e68c33a3076aa06d073/track00/event0248</uri>
				<uri>http://purl.org/midi-ld/piece/8cf9897535d79e68c33a3076aa06d073/track00/event0249</uri>
				<uri>http://purl.org/midi-ld/piece/8cf9897535d79e68c33a3076aa06d073/track00/event0250</uri>
				<uri>http://purl.org/midi-ld/piece/8cf9897535d79e68c33a3076aa06d073/track00/event0251</uri>
				<uri>http://purl.org/midi-ld/piece/8cf9897535d79e68c33a3076aa06d073/track00/event0252</uri>
				<uri>http://purl.org/midi-ld/piece/8cf9897535d79e68c33a3076aa06d073/track00/event0253</uri>
				<uri>http://purl.org/midi-ld/piece/8cf9897535d79e68c33a3076aa06d073/track00/event0254</uri>
				<uri>http://purl.org/midi-ld/piece/8cf9897535d79e68c33a3076aa06d073/track00/event0255</uri>
				<uri>http://purl.org/midi-ld/piece/8cf9897535d79e68c33a3076aa06d073/track00/event0256</uri>
				<uri>http://purl.org/midi-ld/piece/8cf9897535d79e68c33a3076aa06d073/track00/event0257</uri>
				<uri>http://purl.org/midi-ld/piece/8cf9897535d79e68c33a3076aa06d073/track00/event0258</uri>
				<uri>http://purl.org/midi-ld/piece/8cf9897535d79e68c33a3076aa06d073/track00/event0259</uri>
				<uri>http://purl.org/midi-ld/piece/8cf9897535d79e68c33a3076aa06d073/track00/event0260</uri>
				<uri>http://purl.org/midi-ld/piece/8cf9897535d79e68c33a3076aa06d073/track00/event0261</uri>
				<uri>http://purl.org/midi-ld/piece/8cf9897535d79e68c33a3076aa06d073/track00/event0262</uri>
				<uri>http://purl.org/midi-ld/piece/8cf9897535d79e68c33a3076aa06d073/track00/event0263</uri>
				<uri>http://purl.org/midi-ld/piece/8cf9897535d79e68c33a3076aa06d073/track00/event0264</uri>
				<uri>http://purl.org/midi-ld/piece/8cf9897535d79e68c33a3076aa06d073/track00/event0265</uri>
				<uri>http://purl.org/midi-ld/piece/8cf9897535d79e68c33a3076aa06d073/track00/event0266</uri>
				<uri>http://purl.org/midi-ld/piece/8cf9897535d79e68c33a3076aa06d073/track00/event0267</uri>
				<uri>http://purl.org/midi-ld/piece/8cf9897535d79e68c33a3076aa06d073/track00/event0268</uri>
				<uri>http://purl.org/midi-ld/piece/8cf9897535d79e68c33a3076aa06d073/track00/event0269</uri>
				<uri>http://purl.org/midi-ld/piece/8cf9897535d79e68c33a3076aa06d073/track00/event0270</uri>
				<uri>http://purl.org/midi-ld/piece/8cf9897535d79e68c33a3076aa06d073/track00/event0271</uri>
				<uri>http://purl.org/midi-ld/piece/8cf9897535d79e68c33a3076aa06d073/track00/event0272</uri>
				<uri>http://purl.org/midi-ld/piece/8cf9897535d79e68c33a3076aa06d073/track00/event0273</uri>
				<uri>http://purl.org/midi-ld/piece/8cf9897535d79e68c33a3076aa06d073/track00/event0274</uri>
				<uri>http://purl.org/midi-ld/piece/8cf9897535d79e68c33a3076aa06d073/track00/event0275</uri>
				<uri>http://purl.org/midi-ld/piece/8cf9897535d79e68c33a3076aa06d073/track00/event0276</uri>
				<uri>http://purl.org/midi-ld/piece/8cf9897535d79e68c33a3076aa06d073/track00/event0277</uri>
				<uri>http://purl.org/midi-ld/piece/8cf9897535d79e68c33a3076aa06d073/track00/event0278</uri>
				<uri>http://purl.org/midi-ld/piece/8cf9897535d79e68c33a3076aa06d073/track00/event0279</uri>
				<uri>http://purl.org/midi-ld/piece/8cf9897535d79e68c33a3076aa06d073/track00/event0280</uri>
				<uri>http://purl.org/midi-ld/piece/8cf9897535d79e68c33a3076aa06d073/track00/event0281</uri>
				<uri>http://purl.org/midi-ld/piece/8cf9897535d79e68c33a3076aa06d073/track00/event0282</uri>
				<uri>http://purl.org/midi-ld/piece/8cf9897535d79e68c33a3076aa06d073/track00/event0283</uri>
				<uri>http://purl.org/midi-ld/piece/8cf9897535d79e68c33a3076aa06d073/track00/event0284</uri>
				<uri>http://purl.org/midi-ld/piece/8cf9897535d79e68c33a3076aa06d073/track00/event0285</uri>
				<uri>http://purl.org/midi-ld/piece/8cf9897535d79e68c33a3076aa06d073/track00/event0286</uri>
				<uri>http://purl.org/midi-ld/piece/8cf9897535d79e68c33a3076aa06d073/track00/event0287</uri>
				<uri>http://purl.org/midi-ld/piece/8cf9897535d79e68c33a3076aa06d073/track00/event0288</uri>
				<uri>http://purl.org/midi-ld/piece/8cf9897535d79e68c33a3076aa06d073/track00/event0289</uri>
				<uri>http://purl.org/midi-ld/piece/8cf9897535d79e68c33a3076aa06d073/track00/event0290</uri>
				<uri>http://purl.org/midi-ld/piece/8cf9897535d79e68c33a3076aa06d073/track00/event0291</uri>
				<uri>http://purl.org/midi-ld/piece/8cf9897535d79e68c33a3076aa06d073/track00/event0292</uri>
				<uri>http://purl.org/midi-ld/piece/8cf9897535d79e68c33a3076aa06d073/track00/event0293</uri>
				<uri>http://purl.org/midi-ld/piece/8cf9897535d79e68c33a3076aa06d073/track00/event0294</uri>
				<uri>http://purl.org/midi-ld/piece/8cf9897535d79e68c33a3076aa06d073/track00/event0295</uri>
				<uri>http://purl.org/midi-ld/piece/8cf9897535d79e68c33a3076aa06d073/track00/event0296</uri>
				<uri>http://purl.org/midi-ld/piece/8cf9897535d79e68c33a3076aa06d073/track00/event0297</uri>
				<uri>http://purl.org/midi-ld/piece/8cf9897535d79e68c33a3076aa06d073/track00/event0298</uri>
				<uri>http://purl.org/midi-ld/piece/8cf9897535d79e68c33a3076aa06d073/track00/event0300</uri>
				<uri>http://purl.org/midi-ld/piece/8cf9897535d79e68c33a3076aa06d073/track00/event0301</uri>
				<uri>http://purl.org/midi-ld/piece/8cf9897535d79e68c33a3076aa06d073/track00/event0302</uri>
				<uri>http://purl.org/midi-ld/piece/8cf9897535d79e68c33a3076aa06d073/track00/event0299</uri>
				<uri>http://purl.org/midi-ld/piece/8cf9897535d79e68c33a3076aa06d073/track00/event0303</uri>
				<uri>http://purl.org/midi-ld/piece/8cf9897535d79e68c33a3076aa06d073/track00/event0304</uri>
				<uri>http://purl.org/midi-ld/piece/8cf9897535d79e68c33a3076aa06d073/track00/event0305</uri>
				<uri>http://purl.org/midi-ld/piece/8cf9897535d79e68c33a3076aa06d073/track00/event0306</uri>
				<uri>http://purl.org/midi-ld/piece/8cf9897535d79e68c33a3076aa06d073/track00/event0307</uri>
				<uri>http://purl.org/midi-ld/piece/8cf9897535d79e68c33a3076aa06d073/track00/event0308</uri>
				<uri>http://purl.org/midi-ld/piece/8cf9897535d79e68c33a3076aa06d073/track00/event0309</uri>
				<uri>http://purl.org/midi-ld/piece/8cf9897535d79e68c33a3076aa06d073/track00/event0310</uri>
				<uri>http://purl.org/midi-ld/piece/8cf9897535d79e68c33a3076aa06d073/track00/event0311</uri>
				<uri>http://purl.org/midi-ld/piece/8cf9897535d79e68c33a3076aa06d073/track00/event0312</uri>
				<uri>http://purl.org/midi-ld/piece/8cf9897535d79e68c33a3076aa06d073/track00/event0313</uri>
				<uri>http://purl.org/midi-ld/piece/8cf9897535d79e68c33a3076aa06d073/track00/event0314</uri>
				<uri>http://purl.org/midi-ld/piece/8cf9897535d79e68c33a3076aa06d073/track00/event0315</uri>
				<uri>http://purl.org/midi-ld/piece/8cf9897535d79e68c33a3076aa06d073/track00/event0316</uri>
				<uri>http://purl.org/midi-ld/piece/8cf9897535d79e68c33a3076aa06d073/track00/event0317</uri>
				<uri>http://purl.org/midi-ld/piece/8cf9897535d79e68c33a3076aa06d073/track00/event0318</uri>
				<uri>http://purl.org/midi-ld/piece/8cf9897535d79e68c33a3076aa06d073/track00/event0319</uri>
				<uri>http://purl.org/midi-ld/piece/8cf9897535d79e68c33a3076aa06d073/track00/event0320</uri>
				<uri>http://purl.org/midi-ld/piece/8cf9897535d79e68c33a3076aa06d073/track00/event0321</uri>
				<uri>http://purl.org/midi-ld/piece/8cf9897535d79e68c33a3076aa06d073/track00/event0322</uri>
				<uri>http://purl.org/midi-ld/piece/8cf9897535d79e68c33a3076aa06d073/track00/event0323</uri>
				<uri>http://purl.org/midi-ld/piece/8cf9897535d79e68c33a3076aa06d073/track00/event0324</uri>
				<uri>http://purl.org/midi-ld/piece/8cf9897535d79e68c33a3076aa06d073/track00/event0325</uri>
				<uri>http://purl.org/midi-ld/piece/8cf9897535d79e68c33a3076aa06d073/track00/event0326</uri>
				<uri>http://purl.org/midi-ld/piece/8cf9897535d79e68c33a3076aa06d073/track00/event0327</uri>
				<uri>http://purl.org/midi-ld/piece/8cf9897535d79e68c33a3076aa06d073/track00/event0328</uri>
				<uri>http://purl.org/midi-ld/piece/8cf9897535d79e68c33a3076aa06d073/track00/event0329</uri>
				<uri>http://purl.org/midi-ld/piece/8cf9897535d79e68c33a3076aa06d073/track00/event0330</uri>
				<uri>http://purl.org/midi-ld/piece/8cf9897535d79e68c33a3076aa06d073/track00/event0331</uri>
				<uri>http://purl.org/midi-ld/piece/8cf9897535d79e68c33a3076aa06d073/track00/event0332</uri>
				<uri>http://purl.org/midi-ld/piece/8cf9897535d79e68c33a3076aa06d073/track00/event0333</uri>
				<uri>http://purl.org/midi-ld/piece/8cf9897535d79e68c33a3076aa06d073/track00/event0334</uri>
				<uri>http://purl.org/midi-ld/piece/8cf9897535d79e68c33a3076aa06d073/track00/event0335</uri>
				<uri>http://purl.org/midi-ld/piece/8cf9897535d79e68c33a3076aa06d073/track00/event0336</uri>
				<uri>http://purl.org/midi-ld/piece/8cf9897535d79e68c33a3076aa06d073/track00/event0337</uri>
				<uri>http://purl.org/midi-ld/piece/8cf9897535d79e68c33a3076aa06d073/track00/event0338</uri>
				<uri>http://purl.org/midi-ld/piece/8cf9897535d79e68c33a3076aa06d073/track00/event0339</uri>
				<uri>http://purl.org/midi-ld/piece/8cf9897535d79e68c33a3076aa06d073/track00/event0340</uri>
				<uri>http://purl.org/midi-ld/piece/8cf9897535d79e68c33a3076aa06d073/track00/event0341</uri>
				<uri>http://purl.org/midi-ld/piece/8cf9897535d79e68c33a3076aa06d073/track00/event0342</uri>
				<uri>http://purl.org/midi-ld/piece/8cf9897535d79e68c33a3076aa06d073/track00/event0343</uri>
				<uri>http://purl.org/midi-ld/piece/8cf9897535d79e68c33a3076aa06d073/track00/event0344</uri>
				<uri>http://purl.org/midi-ld/piece/8cf9897535d79e68c33a3076aa06d073/track00/event0345</uri>
				<uri>http://purl.org/midi-ld/piece/8cf9897535d79e68c33a3076aa06d073/track00/event0346</uri>
				<uri>http://purl.org/midi-ld/piece/8cf9897535d79e68c33a3076aa06d073/track00/event0347</uri>
				<uri>http://purl.org/midi-ld/piece/8cf9897535d79e68c33a3076aa06d073/track00/event0348</uri>
				<uri>http://purl.org/midi-ld/piece/8cf9897535d79e68c33a3076aa06d073/track00/event0349</uri>
				<uri>http://purl.org/midi-ld/piece/8cf9897535d79e68c33a3076aa06d073/track00/event0350</uri>
				<uri>http://purl.org/midi-ld/piece/8cf9897535d79e68c33a3076aa06d073/track00/event0351</uri>
				<uri>http://purl.org/midi-ld/piece/8cf9897535d79e68c33a3076aa06d073/track00/event0352</uri>
				<uri>http://purl.org/midi-ld/piece/8cf9897535d79e68c33a3076aa06d073/track00/event0353</uri>
				<uri>http://purl.org/midi-ld/piece/8cf9897535d79e68c33a3076aa06d073/track00/event0354</uri>
				<uri>http://purl.org/midi-ld/piece/8cf9897535d79e68c33a3076aa06d073/track00/event0355</uri>
				<uri>http://purl.org/midi-ld/piece/8cf9897535d79e68c33a3076aa06d073/track00/event0356</uri>
				<uri>http://purl.org/midi-ld/piece/8cf9897535d79e68c33a3076aa06d073/track00/event0357</uri>
				<uri>http://purl.org/midi-ld/piece/8cf9897535d79e68c33a3076aa06d073/track00/event0358</uri>
				<uri>http://purl.org/midi-ld/piece/8cf9897535d79e68c33a3076aa06d073/track00/event0359</uri>
				<uri>http://purl.org/midi-ld/piece/8cf9897535d79e68c33a3076aa06d073/track00/event0360</uri>
				<uri>http://purl.org/midi-ld/piece/8cf9897535d79e68c33a3076aa06d073/track00/event0361</uri>
				<uri>http://purl.org/midi-ld/piece/8cf9897535d79e68c33a3076aa06d073/track00/event0362</uri>
				<uri>http://purl.org/midi-ld/piece/8cf9897535d79e68c33a3076aa06d073/track00/event0363</uri>
				<uri>http://purl.org/midi-ld/piece/8cf9897535d79e68c33a3076aa06d073/track00/event0366</uri>
				<uri>http://purl.org/midi-ld/piece/8cf9897535d79e68c33a3076aa06d073/track00/event0364</uri>
				<uri>http://purl.org/midi-ld/piece/8cf9897535d79e68c33a3076aa06d073/track00/event0365</uri>
				<uri>http://purl.org/midi-ld/piece/8cf9897535d79e68c33a3076aa06d073/track00/event0366</uri>
				<uri>http://purl.org/midi-ld/piece/8cf9897535d79e68c33a3076aa06d073/track00/event0367</uri>
				<uri>http://purl.org/midi-ld/piece/8cf9897535d79e68c33a3076aa06d073/track00/event0368</uri>
				<uri>http://purl.org/midi-ld/piece/8cf9897535d79e68c33a3076aa06d073/track00/event0369</uri>
				<uri>http://purl.org/midi-ld/piece/8cf9897535d79e68c33a3076aa06d073/track00/event0370</uri>
				<uri>http://purl.org/midi-ld/piece/8cf9897535d79e68c33a3076aa06d073/track00/event0371</uri>
				<uri>http://purl.org/midi-ld/piece/8cf9897535d79e68c33a3076aa06d073/track00/event0372</uri>
				<uri>http://purl.org/midi-ld/piece/8cf9897535d79e68c33a3076aa06d073/track00/event0373</uri>
				<uri>http://purl.org/midi-ld/piece/8cf9897535d79e68c33a3076aa06d073/track00/event0374</uri>
				<uri>http://purl.org/midi-ld/piece/8cf9897535d79e68c33a3076aa06d073/track00/event0375</uri>
				<uri>http://purl.org/midi-ld/piece/8cf9897535d79e68c33a3076aa06d073/track00/event0376</uri>
				<uri>http://purl.org/midi-ld/piece/8cf9897535d79e68c33a3076aa06d073/track00/event0377</uri>
				<uri>http://purl.org/midi-ld/piece/8cf9897535d79e68c33a3076aa06d073/track00/event0378</uri>
				<uri>http://purl.org/midi-ld/piece/8cf9897535d79e68c33a3076aa06d073/track00/event0379</uri>
				<uri>http://purl.org/midi-ld/piece/8cf9897535d79e68c33a3076aa06d073/track00/event0380</uri>
				<uri>http://purl.org/midi-ld/piece/8cf9897535d79e68c33a3076aa06d073/track00/event0381</uri>
				<uri>http://purl.org/midi-ld/piece/8cf9897535d79e68c33a3076aa06d073/track00/event0382</uri>
				<uri>http://purl.org/midi-ld/piece/8cf9897535d79e68c33a3076aa06d073/track00/event0383</uri>
				<uri>http://purl.org/midi-ld/piece/8cf9897535d79e68c33a3076aa06d073/track00/event0384</uri>
				<uri>http://purl.org/midi-ld/piece/8cf9897535d79e68c33a3076aa06d073/track00/event0385</uri>
				<uri>http://purl.org/midi-ld/piece/8cf9897535d79e68c33a3076aa06d073/track00/event0386</uri>
				<uri>http://purl.org/midi-ld/piece/8cf9897535d79e68c33a3076aa06d073/track00/event0387</uri>
				<uri>http://purl.org/midi-ld/piece/8cf9897535d79e68c33a3076aa06d073/track00/event0388</uri>
				<uri>http://purl.org/midi-ld/piece/8cf9897535d79e68c33a3076aa06d073/track00/event0389</uri>
				<uri>http://purl.org/midi-ld/piece/8cf9897535d79e68c33a3076aa06d073/track00/event0390</uri>
				<uri>http://purl.org/midi-ld/piece/8cf9897535d79e68c33a3076aa06d073/track00/event0391</uri>
				<uri>http://purl.org/midi-ld/piece/8cf9897535d79e68c33a3076aa06d073/track00/event0392</uri>
				<uri>http://purl.org/midi-ld/piece/8cf9897535d79e68c33a3076aa06d073/track00/event0393</uri>
				<uri>http://purl.org/midi-ld/piece/8cf9897535d79e68c33a3076aa06d073/track00/event0394</uri>
				<uri>http://purl.org/midi-ld/piece/8cf9897535d79e68c33a3076aa06d073/track00/event0395</uri>
				<uri>http://purl.org/midi-ld/piece/8cf9897535d79e68c33a3076aa06d073/track00/event0396</uri>
				<uri>http://purl.org/midi-ld/piece/8cf9897535d79e68c33a3076aa06d073/track00/event0397</uri>
				<uri>http://purl.org/midi-ld/piece/8cf9897535d79e68c33a3076aa06d073/track00/event0398</uri>
				<uri>http://purl.org/midi-ld/piece/8cf9897535d79e68c33a3076aa06d073/track00/event0400</uri>
				<uri>http://purl.org/midi-ld/piece/8cf9897535d79e68c33a3076aa06d073/track00/event0399</uri>
				<uri>http://purl.org/midi-ld/piece/8cf9897535d79e68c33a3076aa06d073/track00/event0401</uri>
				<uri>http://purl.org/midi-ld/piece/8cf9897535d79e68c33a3076aa06d073/track00/event0402</uri>
				<uri>http://purl.org/midi-ld/piece/8cf9897535d79e68c33a3076aa06d073/track00/event0403</uri>
				<uri>http://purl.org/midi-ld/piece/8cf9897535d79e68c33a3076aa06d073/track00/event0404</uri>
				<uri>http://purl.org/midi-ld/piece/8cf9897535d79e68c33a3076aa06d073/track00/event0405</uri>
				<uri>http://purl.org/midi-ld/piece/8cf9897535d79e68c33a3076aa06d073/track00/event0406</uri>
				<uri>http://purl.org/midi-ld/piece/8cf9897535d79e68c33a3076aa06d073/track00/event0407</uri>
				<uri>http://purl.org/midi-ld/piece/8cf9897535d79e68c33a3076aa06d073/track00/event0408</uri>
				<uri>http://purl.org/midi-ld/piece/8cf9897535d79e68c33a3076aa06d073/track00/event0409</uri>
				<uri>http://purl.org/midi-ld/piece/8cf9897535d79e68c33a3076aa06d073/track00/event0410</uri>
				<uri>http://purl.org/midi-ld/piece/8cf9897535d79e68c33a3076aa06d073/track00/event0411</uri>
				<uri>http://purl.org/midi-ld/piece/8cf9897535d79e68c33a3076aa06d073/track00/event0412</uri>
				<uri>http://purl.org/midi-ld/piece/8cf9897535d79e68c33a3076aa06d073/track00/event0413</uri>
				<uri>http://purl.org/midi-ld/piece/8cf9897535d79e68c33a3076aa06d073/track00/event0414</uri>
				<uri>http://purl.org/midi-ld/piece/8cf9897535d79e68c33a3076aa06d073/track00/event0415</uri>
				<uri>http://purl.org/midi-ld/piece/8cf9897535d79e68c33a3076aa06d073/track00/event0416</uri>
				<uri>http://purl.org/midi-ld/piece/8cf9897535d79e68c33a3076aa06d073/track00/event0417</uri>
				<uri>http://purl.org/midi-ld/piece/8cf9897535d79e68c33a3076aa06d073/track00/event0418</uri>
				<uri>http://purl.org/midi-ld/piece/8cf9897535d79e68c33a3076aa06d073/track00/event0419</uri>
				<uri>http://purl.org/midi-ld/piece/8cf9897535d79e68c33a3076aa06d073/track00/event0420</uri>
				<uri>http://purl.org/midi-ld/piece/8cf9897535d79e68c33a3076aa06d073/track00/event0421</uri>
				<uri>http://purl.org/midi-ld/piece/8cf9897535d79e68c33a3076aa06d073/track00/event0422</uri>
				<uri>http://purl.org/midi-ld/piece/8cf9897535d79e68c33a3076aa06d073/track00/event0423</uri>
				<uri>http://purl.org/midi-ld/piece/8cf9897535d79e68c33a3076aa06d073/track00/event0424</uri>
				<uri>http://purl.org/midi-ld/piece/8cf9897535d79e68c33a3076aa06d073/track00/event0425</uri>
				<uri>http://purl.org/midi-ld/piece/8cf9897535d79e68c33a3076aa06d073/track00/event0426</uri>
				<uri>http://purl.org/midi-ld/piece/8cf9897535d79e68c33a3076aa06d073/track00/event0427</uri>
				<uri>http://purl.org/midi-ld/piece/8cf9897535d79e68c33a3076aa06d073/track00/event0428</uri>
				<uri>http://purl.org/midi-ld/piece/8cf9897535d79e68c33a3076aa06d073/track00/event0429</uri>
				<uri>http://purl.org/midi-ld/piece/8cf9897535d79e68c33a3076aa06d073/track00/event0430</uri>
				<uri>http://purl.org/midi-ld/piece/8cf9897535d79e68c33a3076aa06d073/track00/event0431</uri>
				<uri>http://purl.org/midi-ld/piece/8cf9897535d79e68c33a3076aa06d073/track00/event0432</uri>
				<uri>http://purl.org/midi-ld/piece/8cf9897535d79e68c33a3076aa06d073/track00/event0433</uri>
				<uri>http://purl.org/midi-ld/piece/8cf9897535d79e68c33a3076aa06d073/track00/event0434</uri>
				<uri>http://purl.org/midi-ld/piece/8cf9897535d79e68c33a3076aa06d073/track00/event0435</uri>
				<uri>http://purl.org/midi-ld/piece/8cf9897535d79e68c33a3076aa06d073/track00/event0436</uri>
				<uri>http://purl.org/midi-ld/piece/8cf9897535d79e68c33a3076aa06d073/track00/event0437</uri>
				<uri>http://purl.org/midi-ld/piece/8cf9897535d79e68c33a3076aa06d073/track00/event0438</uri>
				<uri>http://purl.org/midi-ld/piece/8cf9897535d79e68c33a3076aa06d073/track00/event0439</uri>
				<uri>http://purl.org/midi-ld/piece/8cf9897535d79e68c33a3076aa06d073/track00/event0440</uri>
				<uri>http://purl.org/midi-ld/piece/8cf9897535d79e68c33a3076aa06d073/track00/event0441</uri>
				<uri>http://purl.org/midi-ld/piece/8cf9897535d79e68c33a3076aa06d073/track00/event0442</uri>
				<uri>http://purl.org/midi-ld/piece/8cf9897535d79e68c33a3076aa06d073/track00/event0443</uri>
				<uri>http://purl.org/midi-ld/piece/8cf9897535d79e68c33a3076aa06d073/track00/event0444</uri>
				<uri>http://purl.org/midi-ld/piece/8cf9897535d79e68c33a3076aa06d073/track00/event0445</uri>
				<uri>http://purl.org/midi-ld/piece/8cf9897535d79e68c33a3076aa06d073/track00/event0446</uri>
				<uri>http://purl.org/midi-ld/piece/8cf9897535d79e68c33a3076aa06d073/track00/event0447</uri>
				<uri>http://purl.org/midi-ld/piece/8cf9897535d79e68c33a3076aa06d073/track00/event0448</uri>
				<uri>http://purl.org/midi-ld/piece/8cf9897535d79e68c33a3076aa06d073/track00/event0449</uri>
				<uri>http://purl.org/midi-ld/piece/8cf9897535d79e68c33a3076aa06d073/track00/event0450</uri>
				<uri>http://purl.org/midi-ld/piece/8cf9897535d79e68c33a3076aa06d073/track00/event0451</uri>
				<uri>http://purl.org/midi-ld/piece/8cf9897535d79e68c33a3076aa06d073/track00/event0452</uri>
				<uri>http://purl.org/midi-ld/piece/8cf9897535d79e68c33a3076aa06d073/track00/event0453</uri>
				<uri>http://purl.org/midi-ld/piece/8cf9897535d79e68c33a3076aa06d073/track00/event0454</uri>
				<uri>http://purl.org/midi-ld/piece/8cf9897535d79e68c33a3076aa06d073/track00/event0455</uri>
				<uri>http://purl.org/midi-ld/piece/8cf9897535d79e68c33a3076aa06d073/track00/event0456</uri>
				<uri>http://purl.org/midi-ld/piece/8cf9897535d79e68c33a3076aa06d073/track00/event0457</uri>
				<uri>http://purl.org/midi-ld/piece/8cf9897535d79e68c33a3076aa06d073/track00/event0458</uri>
				<uri>http://purl.org/midi-ld/piece/8cf9897535d79e68c33a3076aa06d073/track00/event0459</uri>
				<uri>http://purl.org/midi-ld/piece/8cf9897535d79e68c33a3076aa06d073/track00/event0460</uri>
				<uri>http://purl.org/midi-ld/piece/8cf9897535d79e68c33a3076aa06d073/track00/event0461</uri>
				<uri>http://purl.org/midi-ld/piece/8cf9897535d79e68c33a3076aa06d073/track00/event0462</uri>
				<uri>http://purl.org/midi-ld/piece/8cf9897535d79e68c33a3076aa06d073/track00/event0463</uri>
				<uri>http://purl.org/midi-ld/piece/8cf9897535d79e68c33a3076aa06d073/track00/event0464</uri>
				<uri>http://purl.org/midi-ld/piece/8cf9897535d79e68c33a3076aa06d073/track00/event0465</uri>
				<uri>http://purl.org/midi-ld/piece/8cf9897535d79e68c33a3076aa06d073/track00/event0466</uri>
				<uri>http://purl.org/midi-ld/piece/8cf9897535d79e68c33a3076aa06d073/track00/event0467</uri>
				<uri>http://purl.org/midi-ld/piece/8cf9897535d79e68c33a3076aa06d073/track00/event0468</uri>
				<uri>http://purl.org/midi-ld/piece/8cf9897535d79e68c33a3076aa06d073/track00/event0469</uri>
				<uri>http://purl.org/midi-ld/piece/8cf9897535d79e68c33a3076aa06d073/track00/event0470</uri>
				<uri>http://purl.org/midi-ld/piece/8cf9897535d79e68c33a3076aa06d073/track00/event0471</uri>
				<uri>http://purl.org/midi-ld/piece/8cf9897535d79e68c33a3076aa06d073/track00/event0472</uri>
				<uri>http://purl.org/midi-ld/piece/8cf9897535d79e68c33a3076aa06d073/track00/event0473</uri>
				<uri>http://purl.org/midi-ld/piece/8cf9897535d79e68c33a3076aa06d073/track00/event0474</uri>
				<uri>http://purl.org/midi-ld/piece/8cf9897535d79e68c33a3076aa06d073/track00/event0475</uri>
				<uri>http://purl.org/midi-ld/piece/8cf9897535d79e68c33a3076aa06d073/track00/event0476</uri>
				<uri>http://purl.org/midi-ld/piece/8cf9897535d79e68c33a3076aa06d073/track00/event0477</uri>
				<uri>http://purl.org/midi-ld/piece/8cf9897535d79e68c33a3076aa06d073/track00/event0483</uri>
				<uri>http://purl.org/midi-ld/piece/8cf9897535d79e68c33a3076aa06d073/track00/event0484</uri>
				<uri>http://purl.org/midi-ld/piece/8cf9897535d79e68c33a3076aa06d073/track00/event0485</uri>
				<uri>http://purl.org/midi-ld/piece/8cf9897535d79e68c33a3076aa06d073/track00/event0478</uri>
				<uri>http://purl.org/midi-ld/piece/8cf9897535d79e68c33a3076aa06d073/track00/event0479</uri>
				<uri>http://purl.org/midi-ld/piece/8cf9897535d79e68c33a3076aa06d073/track00/event0480</uri>
				<uri>http://purl.org/midi-ld/piece/8cf9897535d79e68c33a3076aa06d073/track00/event0481</uri>
				<uri>http://purl.org/midi-ld/piece/8cf9897535d79e68c33a3076aa06d073/track00/event0482</uri>
				<uri>http://purl.org/midi-ld/piece/8cf9897535d79e68c33a3076aa06d073/track00/event0483</uri>
				<uri>http://purl.org/midi-ld/piece/8cf9897535d79e68c33a3076aa06d073/track00/event0486</uri>
				<uri>http://purl.org/midi-ld/piece/8cf9897535d79e68c33a3076aa06d073/track00/event0487</uri>
				<uri>http://purl.org/midi-ld/piece/8cf9897535d79e68c33a3076aa06d073/track00/event0488</uri>
				<uri>http://purl.org/midi-ld/piece/8cf9897535d79e68c33a3076aa06d073/track00/event0489</uri>
				<uri>http://purl.org/midi-ld/piece/8cf9897535d79e68c33a3076aa06d073/track00/event0490</uri>
				<uri>http://purl.org/midi-ld/piece/8cf9897535d79e68c33a3076aa06d073/track00/event0491</uri>
				<uri>http://purl.org/midi-ld/piece/8cf9897535d79e68c33a3076aa06d073/track00/event0492</uri>
				<uri>http://purl.org/midi-ld/piece/8cf9897535d79e68c33a3076aa06d073/track00/event0493</uri>
				<uri>http://purl.org/midi-ld/piece/8cf9897535d79e68c33a3076aa06d073/track00/event0494</uri>
				<uri>http://purl.org/midi-ld/piece/8cf9897535d79e68c33a3076aa06d073/track00/event0495</uri>
				<uri>http://purl.org/midi-ld/piece/8cf9897535d79e68c33a3076aa06d073/track00/event0496</uri>
				<uri>http://purl.org/midi-ld/piece/8cf9897535d79e68c33a3076aa06d073/track00/event0497</uri>
				<uri>http://purl.org/midi-ld/piece/8cf9897535d79e68c33a3076aa06d073/track00/event0498</uri>
				<uri>http://purl.org/midi-ld/piece/8cf9897535d79e68c33a3076aa06d073/track00/event0499</uri>
				<uri>http://purl.org/midi-ld/piece/8cf9897535d79e68c33a3076aa06d073/track00/event0500</uri>
				<uri>http://purl.org/midi-ld/piece/8cf9897535d79e68c33a3076aa06d073/track00/event0501</uri>
				<uri>http://purl.org/midi-ld/piece/8cf9897535d79e68c33a3076aa06d073/track00/event0502</uri>
				<uri>http://purl.org/midi-ld/piece/8cf9897535d79e68c33a3076aa06d073/track00/event0503</uri>
				<uri>http://purl.org/midi-ld/piece/8cf9897535d79e68c33a3076aa06d073/track00/event0504</uri>
				<uri>http://purl.org/midi-ld/piece/8cf9897535d79e68c33a3076aa06d073/track00/event0505</uri>
				<uri>http://purl.org/midi-ld/piece/8cf9897535d79e68c33a3076aa06d073/track00/event0506</uri>
				<uri>http://purl.org/midi-ld/piece/8cf9897535d79e68c33a3076aa06d073/track00/event0507</uri>
				<uri>http://purl.org/midi-ld/piece/8cf9897535d79e68c33a3076aa06d073/track00/event0508</uri>
				<uri>http://purl.org/midi-ld/piece/8cf9897535d79e68c33a3076aa06d073/track00/event0509</uri>
				<uri>http://purl.org/midi-ld/piece/8cf9897535d79e68c33a3076aa06d073/track00/event0510</uri>
				<uri>http://purl.org/midi-ld/piece/8cf9897535d79e68c33a3076aa06d073/track00/event0511</uri>
				<uri>http://purl.org/midi-ld/piece/8cf9897535d79e68c33a3076aa06d073/track00/event0512</uri>
				<uri>http://purl.org/midi-ld/piece/8cf9897535d79e68c33a3076aa06d073/track00/event0513</uri>
				<uri>http://purl.org/midi-ld/piece/8cf9897535d79e68c33a3076aa06d073/track00/event0514</uri>
				<uri>http://purl.org/midi-ld/piece/8cf9897535d79e68c33a3076aa06d073/track00/event0515</uri>
				<uri>http://purl.org/midi-ld/piece/8cf9897535d79e68c33a3076aa06d073/track00/event0516</uri>
				<uri>http://purl.org/midi-ld/piece/8cf9897535d79e68c33a3076aa06d073/track00/event0517</uri>
				<uri>http://purl.org/midi-ld/piece/8cf9897535d79e68c33a3076aa06d073/track00/event0518</uri>
				<uri>http://purl.org/midi-ld/piece/8cf9897535d79e68c33a3076aa06d073/track00/event0519</uri>
				<uri>http://purl.org/midi-ld/piece/8cf9897535d79e68c33a3076aa06d073/track00/event0520</uri>
				<uri>http://purl.org/midi-ld/piece/8cf9897535d79e68c33a3076aa06d073/track00/event0521</uri>
				<uri>http://purl.org/midi-ld/piece/8cf9897535d79e68c33a3076aa06d073/track00/event0522</uri>
				<uri>http://purl.org/midi-ld/piece/8cf9897535d79e68c33a3076aa06d073/track00/event0523</uri>
				<uri>http://purl.org/midi-ld/piece/8cf9897535d79e68c33a3076aa06d073/track00/event0524</uri>
				<uri>http://purl.org/midi-ld/piece/8cf9897535d79e68c33a3076aa06d073/track00/event0525</uri>
				<uri>http://purl.org/midi-ld/piece/8cf9897535d79e68c33a3076aa06d073/track00/event0526</uri>
				<uri>http://purl.org/midi-ld/piece/8cf9897535d79e68c33a3076aa06d073/track00/event0527</uri>
				<uri>http://purl.org/midi-ld/piece/8cf9897535d79e68c33a3076aa06d073/track00/event0528</uri>
				<uri>http://purl.org/midi-ld/piece/8cf9897535d79e68c33a3076aa06d073/track00/event0529</uri>
				<uri>http://purl.org/midi-ld/piece/8cf9897535d79e68c33a3076aa06d073/track00/event0530</uri>
				<uri>http://purl.org/midi-ld/piece/8cf9897535d79e68c33a3076aa06d073/track00/event0531</uri>
				<uri>http://purl.org/midi-ld/piece/8cf9897535d79e68c33a3076aa06d073/track00/event0532</uri>
				<uri>http://purl.org/midi-ld/piece/8cf9897535d79e68c33a3076aa06d073/track00/event0533</uri>
				<uri>http://purl.org/midi-ld/piece/8cf9897535d79e68c33a3076aa06d073/track00/event0534</uri>
				<uri>http://purl.org/midi-ld/piece/8cf9897535d79e68c33a3076aa06d073/track00/event0535</uri>
				<uri>http://purl.org/midi-ld/piece/8cf9897535d79e68c33a3076aa06d073/track00/event0536</uri>
				<uri>http://purl.org/midi-ld/piece/8cf9897535d79e68c33a3076aa06d073/track00/event0537</uri>
				<uri>http://purl.org/midi-ld/piece/8cf9897535d79e68c33a3076aa06d073/track00/event0538</uri>
				<uri>http://purl.org/midi-ld/piece/8cf9897535d79e68c33a3076aa06d073/track00/event0539</uri>
				<uri>http://purl.org/midi-ld/piece/8cf9897535d79e68c33a3076aa06d073/track00/event0540</uri>
				<uri>http://purl.org/midi-ld/piece/8cf9897535d79e68c33a3076aa06d073/track00/event0541</uri>
				<uri>http://purl.org/midi-ld/piece/8cf9897535d79e68c33a3076aa06d073/track00/event0542</uri>
				<uri>http://purl.org/midi-ld/piece/8cf9897535d79e68c33a3076aa06d073/track00/event0543</uri>
				<uri>http://purl.org/midi-ld/piece/8cf9897535d79e68c33a3076aa06d073/track00/event0544</uri>
				<uri>http://purl.org/midi-ld/piece/8cf9897535d79e68c33a3076aa06d073/track00/event0545</uri>
				<uri>http://purl.org/midi-ld/piece/8cf9897535d79e68c33a3076aa06d073/track00/event0546</uri>
				<uri>http://purl.org/midi-ld/piece/8cf9897535d79e68c33a3076aa06d073/track00/event0547</uri>
				<uri>http://purl.org/midi-ld/piece/8cf9897535d79e68c33a3076aa06d073/track00/event0548</uri>
				<uri>http://purl.org/midi-ld/piece/8cf9897535d79e68c33a3076aa06d073/track00/event0549</uri>
				<uri>http://purl.org/midi-ld/piece/8cf9897535d79e68c33a3076aa06d073/track00/event0550</uri>
				<uri>http://purl.org/midi-ld/piece/8cf9897535d79e68c33a3076aa06d073/track00/event0551</uri>
				<uri>http://purl.org/midi-ld/piece/8cf9897535d79e68c33a3076aa06d073/track00/event0552</uri>
				<uri>http://purl.org/midi-ld/piece/8cf9897535d79e68c33a3076aa06d073/track00/event0553</uri>
				<uri>http://purl.org/midi-ld/piece/8cf9897535d79e68c33a3076aa06d073/track00/event0554</uri>
				<uri>http://purl.org/midi-ld/piece/8cf9897535d79e68c33a3076aa06d073/track00/event0555</uri>
				<uri>http://purl.org/midi-ld/piece/8cf9897535d79e68c33a3076aa06d073/track00/event0556</uri>
				<uri>http://purl.org/midi-ld/piece/8cf9897535d79e68c33a3076aa06d073/track00/event0557</uri>
				<uri>http://purl.org/midi-ld/piece/8cf9897535d79e68c33a3076aa06d073/track00/event0558</uri>
				<uri>http://purl.org/midi-ld/piece/8cf9897535d79e68c33a3076aa06d073/track00/event0559</uri>
				<uri>http://purl.org/midi-ld/piece/8cf9897535d79e68c33a3076aa06d073/track00/event0560</uri>
				<uri>http://purl.org/midi-ld/piece/8cf9897535d79e68c33a3076aa06d073/track00/event0561</uri>
				<uri>http://purl.org/midi-ld/piece/8cf9897535d79e68c33a3076aa06d073/track00/event0562</uri>
				<uri>http://purl.org/midi-ld/piece/8cf9897535d79e68c33a3076aa06d073/track00/event0563</uri>
				<uri>http://purl.org/midi-ld/piece/8cf9897535d79e68c33a3076aa06d073/track00/event0564</uri>
				<uri>http://purl.org/midi-ld/piece/8cf9897535d79e68c33a3076aa06d073/track00/event0565</uri>
				<uri>http://purl.org/midi-ld/piece/8cf9897535d79e68c33a3076aa06d073/track00/event0566</uri>
				<uri>http://purl.org/midi-ld/piece/8cf9897535d79e68c33a3076aa06d073/track00/event0567</uri>
				<uri>http://purl.org/midi-ld/piece/8cf9897535d79e68c33a3076aa06d073/track00/event0568</uri>
				<uri>http://purl.org/midi-ld/piece/8cf9897535d79e68c33a3076aa06d073/track00/event0569</uri>
				<uri>http://purl.org/midi-ld/piece/8cf9897535d79e68c33a3076aa06d073/track00/event0570</uri>
				<uri>http://purl.org/midi-ld/piece/8cf9897535d79e68c33a3076aa06d073/track00/event0571</uri>
				<uri>http://purl.org/midi-ld/piece/8cf9897535d79e68c33a3076aa06d073/track00/event0572</uri>
				<uri>http://purl.org/midi-ld/piece/8cf9897535d79e68c33a3076aa06d073/track00/event0573</uri>
				<uri>http://purl.org/midi-ld/piece/8cf9897535d79e68c33a3076aa06d073/track00/event0574</uri>
				<uri>http://purl.org/midi-ld/piece/8cf9897535d79e68c33a3076aa06d073/track00/event0575</uri>
				<uri>http://purl.org/midi-ld/piece/8cf9897535d79e68c33a3076aa06d073/track00/event0576</uri>
				<uri>http://purl.org/midi-ld/piece/8cf9897535d79e68c33a3076aa06d073/track00/event0577</uri>
				<uri>http://purl.org/midi-ld/piece/8cf9897535d79e68c33a3076aa06d073/track00/event0578</uri>
				<uri>http://purl.org/midi-ld/piece/8cf9897535d79e68c33a3076aa06d073/track00/event0579</uri>
				<uri>http://purl.org/midi-ld/piece/8cf9897535d79e68c33a3076aa06d073/track00/event0580</uri>
				<uri>http://purl.org/midi-ld/piece/8cf9897535d79e68c33a3076aa06d073/track00/event0581</uri>
				<uri>http://purl.org/midi-ld/piece/8cf9897535d79e68c33a3076aa06d073/track00/event0582</uri>
				<uri>http://purl.org/midi-ld/piece/8cf9897535d79e68c33a3076aa06d073/track00/event0583</uri>
				<uri>http://purl.org/midi-ld/piece/8cf9897535d79e68c33a3076aa06d073/track00/event0584</uri>
				<uri>http://purl.org/midi-ld/piece/8cf9897535d79e68c33a3076aa06d073/track00/event0585</uri>
				<uri>http://purl.org/midi-ld/piece/8cf9897535d79e68c33a3076aa06d073/track00/event0586</uri>
				<uri>http://purl.org/midi-ld/piece/8cf9897535d79e68c33a3076aa06d073/track00/event0587</uri>
				<uri>http://purl.org/midi-ld/piece/8cf9897535d79e68c33a3076aa06d073/track00/event0588</uri>
				<uri>http://purl.org/midi-ld/piece/8cf9897535d79e68c33a3076aa06d073/track00/event0589</uri>
				<uri>http://purl.org/midi-ld/piece/8cf9897535d79e68c33a3076aa06d073/track00/event0590</uri>
				<uri>http://purl.org/midi-ld/piece/8cf9897535d79e68c33a3076aa06d073/track00/event0591</uri>
				<uri>http://purl.org/midi-ld/piece/8cf9897535d79e68c33a3076aa06d073/track00/event0592</uri>
				<uri>http://purl.org/midi-ld/piece/8cf9897535d79e68c33a3076aa06d073/track00/event0593</uri>
				<uri>http://purl.org/midi-ld/piece/8cf9897535d79e68c33a3076aa06d073/track00/event0594</uri>
				<uri>http://purl.org/midi-ld/piece/8cf9897535d79e68c33a3076aa06d073/track00/event0595</uri>
				<uri>http://purl.org/midi-ld/piece/8cf9897535d79e68c33a3076aa06d073/track00/event0596</uri>
				<uri>http://purl.org/midi-ld/piece/8cf9897535d79e68c33a3076aa06d073/track00/event0597</uri>
				<uri>http://purl.org/midi-ld/piece/8cf9897535d79e68c33a3076aa06d073/track00/event0598</uri>
				<uri>http://purl.org/midi-ld/piece/8cf9897535d79e68c33a3076aa06d073/track00/event0600</uri>
				<uri>http://purl.org/midi-ld/piece/8cf9897535d79e68c33a3076aa06d073/track00/event0599</uri>
				<uri>http://purl.org/midi-ld/piece/8cf9897535d79e68c33a3076aa06d073/track00/event0601</uri>
				<uri>http://purl.org/midi-ld/piece/8cf9897535d79e68c33a3076aa06d073/track00/event0602</uri>
				<uri>http://purl.org/midi-ld/piece/8cf9897535d79e68c33a3076aa06d073/track00/event0603</uri>
				<uri>http://purl.org/midi-ld/piece/8cf9897535d79e68c33a3076aa06d073/track00/event0604</uri>
				<uri>http://purl.org/midi-ld/piece/8cf9897535d79e68c33a3076aa06d073/track00/event0605</uri>
				<uri>http://purl.org/midi-ld/piece/8cf9897535d79e68c33a3076aa06d073/track00/event0606</uri>
				<uri>http://purl.org/midi-ld/piece/8cf9897535d79e68c33a3076aa06d073/track00/event0607</uri>
				<uri>http://purl.org/midi-ld/piece/8cf9897535d79e68c33a3076aa06d073/track00/event0608</uri>
				<uri>http://purl.org/midi-ld/piece/8cf9897535d79e68c33a3076aa06d073/track00/event0609</uri>
				<uri>http://purl.org/midi-ld/piece/8cf9897535d79e68c33a3076aa06d073/track00/event0610</uri>
				<uri>http://purl.org/midi-ld/piece/8cf9897535d79e68c33a3076aa06d073/track00/event0611</uri>
				<uri>http://purl.org/midi-ld/piece/8cf9897535d79e68c33a3076aa06d073/track00/event0612</uri>
				<uri>http://purl.org/midi-ld/piece/8cf9897535d79e68c33a3076aa06d073/track00/event0613</uri>
				<uri>http://purl.org/midi-ld/piece/8cf9897535d79e68c33a3076aa06d073/track00/event0614</uri>
				<uri>http://purl.org/midi-ld/piece/8cf9897535d79e68c33a3076aa06d073/track00/event0615</uri>
				<uri>http://purl.org/midi-ld/piece/8cf9897535d79e68c33a3076aa06d073/track00/event0616</uri>
				<uri>http://purl.org/midi-ld/piece/8cf9897535d79e68c33a3076aa06d073/track00/event0617</uri>
				<uri>http://purl.org/midi-ld/piece/8cf9897535d79e68c33a3076aa06d073/track00/event0618</uri>
				<uri>http://purl.org/midi-ld/piece/8cf9897535d79e68c33a3076aa06d073/track00/event0619</uri>
				<uri>http://purl.org/midi-ld/piece/8cf9897535d79e68c33a3076aa06d073/track00/event0620</uri>
				<uri>http://purl.org/midi-ld/piece/8cf9897535d79e68c33a3076aa06d073/track00/event0621</uri>
				<uri>http://purl.org/midi-ld/piece/8cf9897535d79e68c33a3076aa06d073/track00/event0622</uri>
				<uri>http://purl.org/midi-ld/piece/8cf9897535d79e68c33a3076aa06d073/track00/event0623</uri>
				<uri>http://purl.org/midi-ld/piece/8cf9897535d79e68c33a3076aa06d073/track00/event0624</uri>
				<uri>http://purl.org/midi-ld/piece/8cf9897535d79e68c33a3076aa06d073/track00/event0625</uri>
				<uri>http://purl.org/midi-ld/piece/8cf9897535d79e68c33a3076aa06d073/track00/event0626</uri>
				<uri>http://purl.org/midi-ld/piece/8cf9897535d79e68c33a3076aa06d073/track00/event0627</uri>
				<uri>http://purl.org/midi-ld/piece/8cf9897535d79e68c33a3076aa06d073/track00/event0628</uri>
				<uri>http://purl.org/midi-ld/piece/8cf9897535d79e68c33a3076aa06d073/track00/event0629</uri>
				<uri>http://purl.org/midi-ld/piece/8cf9897535d79e68c33a3076aa06d073/track00/event0630</uri>
				<uri>http://purl.org/midi-ld/piece/8cf9897535d79e68c33a3076aa06d073/track00/event0631</uri>
				<uri>http://purl.org/midi-ld/piece/8cf9897535d79e68c33a3076aa06d073/track00/event0632</uri>
				<uri>http://purl.org/midi-ld/piece/8cf9897535d79e68c33a3076aa06d073/track00/event0633</uri>
				<uri>http://purl.org/midi-ld/piece/8cf9897535d79e68c33a3076aa06d073/track00/event0634</uri>
				<uri>http://purl.org/midi-ld/piece/8cf9897535d79e68c33a3076aa06d073/track00/event0635</uri>
				<uri>http://purl.org/midi-ld/piece/8cf9897535d79e68c33a3076aa06d073/track00/event0636</uri>
				<uri>http://purl.org/midi-ld/piece/8cf9897535d79e68c33a3076aa06d073/track00/event0637</uri>
				<uri>http://purl.org/midi-ld/piece/8cf9897535d79e68c33a3076aa06d073/track00/event0638</uri>
				<uri>http://purl.org/midi-ld/piece/8cf9897535d79e68c33a3076aa06d073/track00/event0639</uri>
				<uri>http://purl.org/midi-ld/piece/8cf9897535d79e68c33a3076aa06d073/track00/event0640</uri>
				<uri>http://purl.org/midi-ld/piece/8cf9897535d79e68c33a3076aa06d073/track00/event0641</uri>
				<uri>http://purl.org/midi-ld/piece/8cf9897535d79e68c33a3076aa06d073/track00/event0642</uri>
				<uri>http://purl.org/midi-ld/piece/8cf9897535d79e68c33a3076aa06d073/track00/event0643</uri>
				<uri>http://purl.org/midi-ld/piece/8cf9897535d79e68c33a3076aa06d073/track00/event0644</uri>
				<uri>http://purl.org/midi-ld/piece/8cf9897535d79e68c33a3076aa06d073/track00/event0645</uri>
				<uri>http://purl.org/midi-ld/piece/8cf9897535d79e68c33a3076aa06d073/track00/event0646</uri>
				<uri>http://purl.org/midi-ld/piece/8cf9897535d79e68c33a3076aa06d073/track00/event0647</uri>
				<uri>http://purl.org/midi-ld/piece/8cf9897535d79e68c33a3076aa06d073/track00/event0648</uri>
				<uri>http://purl.org/midi-ld/piece/8cf9897535d79e68c33a3076aa06d073/track00/event0649</uri>
				<uri>http://purl.org/midi-ld/piece/8cf9897535d79e68c33a3076aa06d073/track00/event0650</uri>
				<uri>http://purl.org/midi-ld/piece/8cf9897535d79e68c33a3076aa06d073/track00/event0651</uri>
				<uri>http://purl.org/midi-ld/piece/8cf9897535d79e68c33a3076aa06d073/track00/event0652</uri>
				<uri>http://purl.org/midi-ld/piece/8cf9897535d79e68c33a3076aa06d073/track00/event0653</uri>
				<uri>http://purl.org/midi-ld/piece/8cf9897535d79e68c33a3076aa06d073/track00/event0654</uri>
				<uri>http://purl.org/midi-ld/piece/8cf9897535d79e68c33a3076aa06d073/track00/event0655</uri>
				<uri>http://purl.org/midi-ld/piece/8cf9897535d79e68c33a3076aa06d073/track00/event0656</uri>
				<uri>http://purl.org/midi-ld/piece/8cf9897535d79e68c33a3076aa06d073/track00/event0657</uri>
				<uri>http://purl.org/midi-ld/piece/8cf9897535d79e68c33a3076aa06d073/track00/event0658</uri>
				<uri>http://purl.org/midi-ld/piece/8cf9897535d79e68c33a3076aa06d073/track00/event0659</uri>
				<uri>http://purl.org/midi-ld/piece/8cf9897535d79e68c33a3076aa06d073/track00/event0660</uri>
				<uri>http://purl.org/midi-ld/piece/8cf9897535d79e68c33a3076aa06d073/track00/event0661</uri>
				<uri>http://purl.org/midi-ld/piece/8cf9897535d79e68c33a3076aa06d073/track00/event0662</uri>
				<uri>http://purl.org/midi-ld/piece/8cf9897535d79e68c33a3076aa06d073/track00/event0663</uri>
				<uri>http://purl.org/midi-ld/piece/8cf9897535d79e68c33a3076aa06d073/track00/event0664</uri>
				<uri>http://purl.org/midi-ld/piece/8cf9897535d79e68c33a3076aa06d073/track00/event0665</uri>
				<uri>http://purl.org/midi-ld/piece/8cf9897535d79e68c33a3076aa06d073/track00/event0666</uri>
				<uri>http://purl.org/midi-ld/piece/8cf9897535d79e68c33a3076aa06d073/track00/event0667</uri>
				<uri>http://purl.org/midi-ld/piece/8cf9897535d79e68c33a3076aa06d073/track00/event0668</uri>
				<uri>http://purl.org/midi-ld/piece/8cf9897535d79e68c33a3076aa06d073/track00/event0669</uri>
				<uri>http://purl.org/midi-ld/piece/8cf9897535d79e68c33a3076aa06d073/track00/event0670</uri>
				<uri>http://purl.org/midi-ld/piece/8cf9897535d79e68c33a3076aa06d073/track00/event0671</uri>
				<uri>http://purl.org/midi-ld/piece/8cf9897535d79e68c33a3076aa06d073/track00/event0672</uri>
				<uri>http://purl.org/midi-ld/piece/8cf9897535d79e68c33a3076aa06d073/track00/event0673</uri>
				<uri>http://purl.org/midi-ld/piece/8cf9897535d79e68c33a3076aa06d073/track00/event0674</uri>
				<uri>http://purl.org/midi-ld/piece/8cf9897535d79e68c33a3076aa06d073/track00/event0675</uri>
				<uri>http://purl.org/midi-ld/piece/8cf9897535d79e68c33a3076aa06d073/track00/event0676</uri>
				<uri>http://purl.org/midi-ld/piece/8cf9897535d79e68c33a3076aa06d073/track00/event0677</uri>
				<uri>http://purl.org/midi-ld/piece/8cf9897535d79e68c33a3076aa06d073/track00/event0678</uri>
				<uri>http://purl.org/midi-ld/piece/8cf9897535d79e68c33a3076aa06d073/track00/event0679</uri>
				<uri>http://purl.org/midi-ld/piece/8cf9897535d79e68c33a3076aa06d073/track00/event0680</uri>
				<uri>http://purl.org/midi-ld/piece/8cf9897535d79e68c33a3076aa06d073/track00/event0681</uri>
				<uri>http://purl.org/midi-ld/piece/8cf9897535d79e68c33a3076aa06d073/track00/event0682</uri>
				<uri>http://purl.org/midi-ld/piece/8cf9897535d79e68c33a3076aa06d073/track00/event0683</uri>
				<uri>http://purl.org/midi-ld/piece/8cf9897535d79e68c33a3076aa06d073/track00/event0684</uri>
				<uri>http://purl.org/midi-ld/piece/8cf9897535d79e68c33a3076aa06d073/track00/event0685</uri>
				<uri>http://purl.org/midi-ld/piece/8cf9897535d79e68c33a3076aa06d073/track00/event0686</uri>
				<uri>http://purl.org/midi-ld/piece/8cf9897535d79e68c33a3076aa06d073/track00/event0687</uri>
				<uri>http://purl.org/midi-ld/piece/8cf9897535d79e68c33a3076aa06d073/track00/event0688</uri>
				<uri>http://purl.org/midi-ld/piece/8cf9897535d79e68c33a3076aa06d073/track00/event0689</uri>
				<uri>http://purl.org/midi-ld/piece/8cf9897535d79e68c33a3076aa06d073/track00/event0690</uri>
				<uri>http://purl.org/midi-ld/piece/8cf9897535d79e68c33a3076aa06d073/track00/event0691</uri>
				<uri>http://purl.org/midi-ld/piece/8cf9897535d79e68c33a3076aa06d073/track00/event0692</uri>
				<uri>http://purl.org/midi-ld/piece/8cf9897535d79e68c33a3076aa06d073/track00/event0693</uri>
				<uri>http://purl.org/midi-ld/piece/8cf9897535d79e68c33a3076aa06d073/track00/event0694</uri>
				<uri>http://purl.org/midi-ld/piece/8cf9897535d79e68c33a3076aa06d073/track00/event0695</uri>
				<uri>http://purl.org/midi-ld/piece/8cf9897535d79e68c33a3076aa06d073/track00/event0696</uri>
				<uri>http://purl.org/midi-ld/piece/8cf9897535d79e68c33a3076aa06d073/track00/event0697</uri>
				<uri>http://purl.org/midi-ld/piece/8cf9897535d79e68c33a3076aa06d073/track00/event0698</uri>
				<uri>http://purl.org/midi-ld/piece/8cf9897535d79e68c33a3076aa06d073/track00/event0700</uri>
				<uri>http://purl.org/midi-ld/piece/8cf9897535d79e68c33a3076aa06d073/track00/event0699</uri>
				<uri>http://purl.org/midi-ld/piece/8cf9897535d79e68c33a3076aa06d073/track00/event0701</uri>
				<uri>http://purl.org/midi-ld/piece/8cf9897535d79e68c33a3076aa06d073/track00/event0702</uri>
				<uri>http://purl.org/midi-ld/piece/8cf9897535d79e68c33a3076aa06d073/track00/event0703</uri>
				<uri>http://purl.org/midi-ld/piece/8cf9897535d79e68c33a3076aa06d073/track00/event0704</uri>
				<uri>http://purl.org/midi-ld/piece/8cf9897535d79e68c33a3076aa06d073/track00/event0705</uri>
				<uri>http://purl.org/midi-ld/piece/8cf9897535d79e68c33a3076aa06d073/track00/event0706</uri>
				<uri>http://purl.org/midi-ld/piece/8cf9897535d79e68c33a3076aa06d073/track00/event0707</uri>
				<uri>http://purl.org/midi-ld/piece/8cf9897535d79e68c33a3076aa06d073/track00/event0708</uri>
				<uri>http://purl.org/midi-ld/piece/8cf9897535d79e68c33a3076aa06d073/track00/event0709</uri>
				<uri>http://purl.org/midi-ld/piece/8cf9897535d79e68c33a3076aa06d073/track00/event0710</uri>
				<uri>http://purl.org/midi-ld/piece/8cf9897535d79e68c33a3076aa06d073/track00/event0711</uri>
				<uri>http://purl.org/midi-ld/piece/8cf9897535d79e68c33a3076aa06d073/track00/event0712</uri>
				<uri>http://purl.org/midi-ld/piece/8cf9897535d79e68c33a3076aa06d073/track00/event0713</uri>
				<uri>http://purl.org/midi-ld/piece/8cf9897535d79e68c33a3076aa06d073/track00/event0714</uri>
				<uri>http://purl.org/midi-ld/piece/8cf9897535d79e68c33a3076aa06d073/track00/event0715</uri>
				<uri>http://purl.org/midi-ld/piece/8cf9897535d79e68c33a3076aa06d073/track00/event0716</uri>
				<uri>http://purl.org/midi-ld/piece/8cf9897535d79e68c33a3076aa06d073/track00/event0717</uri>
				<uri>http://purl.org/midi-ld/piece/8cf9897535d79e68c33a3076aa06d073/track00/event0718</uri>
				<uri>http://purl.org/midi-ld/piece/8cf9897535d79e68c33a3076aa06d073/track00/event0719</uri>
				<uri>http://purl.org/midi-ld/piece/8cf9897535d79e68c33a3076aa06d073/track00/event0720</uri>
				<uri>http://purl.org/midi-ld/piece/8cf9897535d79e68c33a3076aa06d073/track00/event0721</uri>
				<uri>http://purl.org/midi-ld/piece/8cf9897535d79e68c33a3076aa06d073/track00/event0722</uri>
				<uri>http://purl.org/midi-ld/piece/8cf9897535d79e68c33a3076aa06d073/track00/event0723</uri>
				<uri>http://purl.org/midi-ld/piece/8cf9897535d79e68c33a3076aa06d073/track00/event0724</uri>
				<uri>http://purl.org/midi-ld/piece/8cf9897535d79e68c33a3076aa06d073/track00/event0725</uri>
				<uri>http://purl.org/midi-ld/piece/8cf9897535d79e68c33a3076aa06d073/track00/event0726</uri>
				<uri>http://purl.org/midi-ld/piece/8cf9897535d79e68c33a3076aa06d073/track00/event0727</uri>
				<uri>http://purl.org/midi-ld/piece/8cf9897535d79e68c33a3076aa06d073/track00/event0728</uri>
				<uri>http://purl.org/midi-ld/piece/8cf9897535d79e68c33a3076aa06d073/track00/event0729</uri>
				<uri>http://purl.org/midi-ld/piece/8cf9897535d79e68c33a3076aa06d073/track00/event0730</uri>
				<uri>http://purl.org/midi-ld/piece/8cf9897535d79e68c33a3076aa06d073/track00/event0731</uri>
				<uri>http://purl.org/midi-ld/piece/8cf9897535d79e68c33a3076aa06d073/track00/event0732</uri>
				<uri>http://purl.org/midi-ld/piece/8cf9897535d79e68c33a3076aa06d073/track00/event0733</uri>
				<uri>http://purl.org/midi-ld/piece/8cf9897535d79e68c33a3076aa06d073/track00/event0734</uri>
				<uri>http://purl.org/midi-ld/piece/8cf9897535d79e68c33a3076aa06d073/track00/event0735</uri>
				<uri>http://purl.org/midi-ld/piece/8cf9897535d79e68c33a3076aa06d073/track00/event0736</uri>
				<uri>http://purl.org/midi-ld/piece/8cf9897535d79e68c33a3076aa06d073/track00/event0737</uri>
				<uri>http://purl.org/midi-ld/piece/8cf9897535d79e68c33a3076aa06d073/track00/event0738</uri>
				<uri>http://purl.org/midi-ld/piece/8cf9897535d79e68c33a3076aa06d073/track00/event0739</uri>
				<uri>http://purl.org/midi-ld/piece/8cf9897535d79e68c33a3076aa06d073/track00/event0740</uri>
				<uri>http://purl.org/midi-ld/piece/8cf9897535d79e68c33a3076aa06d073/track00/event0741</uri>
				<uri>http://purl.org/midi-ld/piece/8cf9897535d79e68c33a3076aa06d073/track00/event0742</uri>
				<uri>http://purl.org/midi-ld/piece/8cf9897535d79e68c33a3076aa06d073/track00/event0743</uri>
				<uri>http://purl.org/midi-ld/piece/8cf9897535d79e68c33a3076aa06d073/track00/event0744</uri>
				<uri>http://purl.org/midi-ld/piece/8cf9897535d79e68c33a3076aa06d073/track00/event0745</uri>
				<uri>http://purl.org/midi-ld/piece/8cf9897535d79e68c33a3076aa06d073/track00/event0746</uri>
				<uri>http://purl.org/midi-ld/piece/8cf9897535d79e68c33a3076aa06d073/track00/event0747</uri>
				<uri>http://purl.org/midi-ld/piece/8cf9897535d79e68c33a3076aa06d073/track00/event0748</uri>
				<uri>http://purl.org/midi-ld/piece/8cf9897535d79e68c33a3076aa06d073/track00/event0749</uri>
				<uri>http://purl.org/midi-ld/piece/8cf9897535d79e68c33a3076aa06d073/track00/event0750</uri>
				<uri>http://purl.org/midi-ld/piece/8cf9897535d79e68c33a3076aa06d073/track00/event0751</uri>
				<uri>http://purl.org/midi-ld/piece/8cf9897535d79e68c33a3076aa06d073/track00/event0752</uri>
				<uri>http://purl.org/midi-ld/piece/8cf9897535d79e68c33a3076aa06d073/track00/event0753</uri>
				<uri>http://purl.org/midi-ld/piece/8cf9897535d79e68c33a3076aa06d073/track00/event0754</uri>
				<uri>http://purl.org/midi-ld/piece/8cf9897535d79e68c33a3076aa06d073/track00/event0755</uri>
				<uri>http://purl.org/midi-ld/piece/8cf9897535d79e68c33a3076aa06d073/track00/event0756</uri>
				<uri>http://purl.org/midi-ld/piece/8cf9897535d79e68c33a3076aa06d073/track00/event0757</uri>
				<uri>http://purl.org/midi-ld/piece/8cf9897535d79e68c33a3076aa06d073/track00/event0758</uri>
				<uri>http://purl.org/midi-ld/piece/8cf9897535d79e68c33a3076aa06d073/track00/event0759</uri>
				<uri>http://purl.org/midi-ld/piece/8cf9897535d79e68c33a3076aa06d073/track00/event0760</uri>
				<uri>http://purl.org/midi-ld/piece/8cf9897535d79e68c33a3076aa06d073/track00/event0761</uri>
				<uri>http://purl.org/midi-ld/piece/8cf9897535d79e68c33a3076aa06d073/track00/event0762</uri>
				<uri>http://purl.org/midi-ld/piece/8cf9897535d79e68c33a3076aa06d073/track00/event0763</uri>
				<uri>http://purl.org/midi-ld/piece/8cf9897535d79e68c33a3076aa06d073/track00/event0764</uri>
				<uri>http://purl.org/midi-ld/piece/8cf9897535d79e68c33a3076aa06d073/track00/event0765</uri>
				<uri>http://purl.org/midi-ld/piece/8cf9897535d79e68c33a3076aa06d073/track00/event0766</uri>
				<uri>http://purl.org/midi-ld/piece/8cf9897535d79e68c33a3076aa06d073/track00/event0767</uri>
				<uri>http://purl.org/midi-ld/piece/8cf9897535d79e68c33a3076aa06d073/track00/event0768</uri>
				<uri>http://purl.org/midi-ld/piece/8cf9897535d79e68c33a3076aa06d073/track00/event0769</uri>
				<uri>http://purl.org/midi-ld/piece/8cf9897535d79e68c33a3076aa06d073/track00/event0770</uri>
				<uri>http://purl.org/midi-ld/piece/8cf9897535d79e68c33a3076aa06d073/track00/event0771</uri>
				<uri>http://purl.org/midi-ld/piece/8cf9897535d79e68c33a3076aa06d073/track00/event0772</uri>
				<uri>http://purl.org/midi-ld/piece/8cf9897535d79e68c33a3076aa06d073/track00/event0773</uri>
				<uri>http://purl.org/midi-ld/piece/8cf9897535d79e68c33a3076aa06d073/track00/event0774</uri>
				<uri>http://purl.org/midi-ld/piece/8cf9897535d79e68c33a3076aa06d073/track00/event0775</uri>
				<uri>http://purl.org/midi-ld/piece/8cf9897535d79e68c33a3076aa06d073/track00/event0776</uri>
				<uri>http://purl.org/midi-ld/piece/8cf9897535d79e68c33a3076aa06d073/track00/event0777</uri>
				<uri>http://purl.org/midi-ld/piece/8cf9897535d79e68c33a3076aa06d073/track00/event0778</uri>
				<uri>http://purl.org/midi-ld/piece/8cf9897535d79e68c33a3076aa06d073/track00/event0779</uri>
				<uri>http://purl.org/midi-ld/piece/8cf9897535d79e68c33a3076aa06d073/track00/event0780</uri>
				<uri>http://purl.org/midi-ld/piece/8cf9897535d79e68c33a3076aa06d073/track00/event0781</uri>
				<uri>http://purl.org/midi-ld/piece/8cf9897535d79e68c33a3076aa06d073/track00/event0782</uri>
				<uri>http://purl.org/midi-ld/piece/8cf9897535d79e68c33a3076aa06d073/track00/event0783</uri>
				<uri>http://purl.org/midi-ld/piece/8cf9897535d79e68c33a3076aa06d073/track00/event0784</uri>
				<uri>http://purl.org/midi-ld/piece/8cf9897535d79e68c33a3076aa06d073/track00/event0785</uri>
				<uri>http://purl.org/midi-ld/piece/8cf9897535d79e68c33a3076aa06d073/track00/event0786</uri>
				<uri>http://purl.org/midi-ld/piece/8cf9897535d79e68c33a3076aa06d073/track00/event0787</uri>
				<uri>http://purl.org/midi-ld/piece/8cf9897535d79e68c33a3076aa06d073/track00/event0788</uri>
				<uri>http://purl.org/midi-ld/piece/8cf9897535d79e68c33a3076aa06d073/track00/event0789</uri>
				<uri>http://purl.org/midi-ld/piece/8cf9897535d79e68c33a3076aa06d073/track00/event0790</uri>
				<uri>http://purl.org/midi-ld/piece/8cf9897535d79e68c33a3076aa06d073/track00/event0791</uri>
				<uri>http://purl.org/midi-ld/piece/8cf9897535d79e68c33a3076aa06d073/track00/event0792</uri>
				<uri>http://purl.org/midi-ld/piece/8cf9897535d79e68c33a3076aa06d073/track00/event0793</uri>
				<uri>http://purl.org/midi-ld/piece/8cf9897535d79e68c33a3076aa06d073/track00/event0794</uri>
				<uri>http://purl.org/midi-ld/piece/8cf9897535d79e68c33a3076aa06d073/track00/event0795</uri>
				<uri>http://purl.org/midi-ld/piece/8cf9897535d79e68c33a3076aa06d073/track00/event0796</uri>
				<uri>http://purl.org/midi-ld/piece/8cf9897535d79e68c33a3076aa06d073/track00/event0797</uri>
				<uri>http://purl.org/midi-ld/piece/8cf9897535d79e68c33a3076aa06d073/track00/event0798</uri>
				<uri>http://purl.org/midi-ld/piece/8cf9897535d79e68c33a3076aa06d073/track00/event0799</uri>
				<uri>http://purl.org/midi-ld/piece/8cf9897535d79e68c33a3076aa06d073/track00/event0800</uri>
				<uri>http://purl.org/midi-ld/piece/8cf9897535d79e68c33a3076aa06d073/track00/event0801</uri>
				<uri>http://purl.org/midi-ld/piece/8cf9897535d79e68c33a3076aa06d073/track00/event0802</uri>
				<uri>http://purl.org/midi-ld/piece/8cf9897535d79e68c33a3076aa06d073/track00/event0803</uri>
				<uri>http://purl.org/midi-ld/piece/8cf9897535d79e68c33a3076aa06d073/track00/event0804</uri>
				<uri>http://purl.org/midi-ld/piece/8cf9897535d79e68c33a3076aa06d073/track00/event0805</uri>
				<uri>http://purl.org/midi-ld/piece/8cf9897535d79e68c33a3076aa06d073/track00/event0806</uri>
				<uri>http://purl.org/midi-ld/piece/8cf9897535d79e68c33a3076aa06d073/track00/event0807</uri>
				<uri>http://purl.org/midi-ld/piece/8cf9897535d79e68c33a3076aa06d073/track00/event0808</uri>
				<uri>http://purl.org/midi-ld/piece/8cf9897535d79e68c33a3076aa06d073/track00/event0809</uri>
				<uri>http://purl.org/midi-ld/piece/8cf9897535d79e68c33a3076aa06d073/track00/event0810</uri>
				<uri>http://purl.org/midi-ld/piece/8cf9897535d79e68c33a3076aa06d073/track00/event0811</uri>
				<uri>http://purl.org/midi-ld/piece/8cf9897535d79e68c33a3076aa06d073/track00/event0812</uri>
				<uri>http://purl.org/midi-ld/piece/8cf9897535d79e68c33a3076aa06d073/track00/event0813</uri>
				<uri>http://purl.org/midi-ld/piece/8cf9897535d79e68c33a3076aa06d073/track00/event0814</uri>
				<uri>http://purl.org/midi-ld/piece/8cf9897535d79e68c33a3076aa06d073/track00/event0815</uri>
				<uri>http://purl.org/midi-ld/piece/8cf9897535d79e68c33a3076aa06d073/track00/event0816</uri>
				<uri>http://purl.org/midi-ld/piece/8cf9897535d79e68c33a3076aa06d073/track00/event0817</uri>
				<uri>http://purl.org/midi-ld/piece/8cf9897535d79e68c33a3076aa06d073/track00/event0818</uri>
				<uri>http://purl.org/midi-ld/piece/8cf9897535d79e68c33a3076aa06d073/track00/event0819</uri>
				<uri>http://purl.org/midi-ld/piece/8cf9897535d79e68c33a3076aa06d073/track00/event0820</uri>
				<uri>http://purl.org/midi-ld/piece/8cf9897535d79e68c33a3076aa06d073/track00/event0821</uri>
				<uri>http://purl.org/midi-ld/piece/8cf9897535d79e68c33a3076aa06d073/track00/event0822</uri>
				<uri>http://purl.org/midi-ld/piece/8cf9897535d79e68c33a3076aa06d073/track00/event0823</uri>
				<uri>http://purl.org/midi-ld/piece/8cf9897535d79e68c33a3076aa06d073/track00/event0824</uri>
				<uri>http://purl.org/midi-ld/piece/8cf9897535d79e68c33a3076aa06d073/track00/event0825</uri>
				<uri>http://purl.org/midi-ld/piece/8cf9897535d79e68c33a3076aa06d073/track00/event0826</uri>
				<uri>http://purl.org/midi-ld/piece/8cf9897535d79e68c33a3076aa06d073/track00/event0827</uri>
				<uri>http://purl.org/midi-ld/piece/8cf9897535d79e68c33a3076aa06d073/track00/event0828</uri>
				<uri>http://purl.org/midi-ld/piece/8cf9897535d79e68c33a3076aa06d073/track00/event0829</uri>
				<uri>http://purl.org/midi-ld/piece/8cf9897535d79e68c33a3076aa06d073/track00/event0830</uri>
				<uri>http://purl.org/midi-ld/piece/8cf9897535d79e68c33a3076aa06d073/track00/event0831</uri>
				<uri>http://purl.org/midi-ld/piece/8cf9897535d79e68c33a3076aa06d073/track00/event0832</uri>
				<uri>http://purl.org/midi-ld/piece/8cf9897535d79e68c33a3076aa06d073/track00/event0833</uri>
				<uri>http://purl.org/midi-ld/piece/8cf9897535d79e68c33a3076aa06d073/track00/event0834</uri>
				<uri>http://purl.org/midi-ld/piece/8cf9897535d79e68c33a3076aa06d073/track00/event0835</uri>
				<uri>http://purl.org/midi-ld/piece/8cf9897535d79e68c33a3076aa06d073/track00/event0836</uri>
				<uri>http://purl.org/midi-ld/piece/8cf9897535d79e68c33a3076aa06d073/track00/event0837</uri>
				<uri>http://purl.org/midi-ld/piece/8cf9897535d79e68c33a3076aa06d073/track00/event0838</uri>
				<uri>http://purl.org/midi-ld/piece/8cf9897535d79e68c33a3076aa06d073/track00/event0839</uri>
				<uri>http://purl.org/midi-ld/piece/8cf9897535d79e68c33a3076aa06d073/track00/event0840</uri>
				<uri>http://purl.org/midi-ld/piece/8cf9897535d79e68c33a3076aa06d073/track00/event0841</uri>
				<uri>http://purl.org/midi-ld/piece/8cf9897535d79e68c33a3076aa06d073/track00/event0842</uri>
				<uri>http://purl.org/midi-ld/piece/8cf9897535d79e68c33a3076aa06d073/track00/event0843</uri>
				<uri>http://purl.org/midi-ld/piece/8cf9897535d79e68c33a3076aa06d073/track00/event0844</uri>
				<uri>http://purl.org/midi-ld/piece/8cf9897535d79e68c33a3076aa06d073/track00/event0845</uri>
				<uri>http://purl.org/midi-ld/piece/8cf9897535d79e68c33a3076aa06d073/track00/event0846</uri>
				<uri>http://purl.org/midi-ld/piece/8cf9897535d79e68c33a3076aa06d073/track00/event0847</uri>
				<uri>http://purl.org/midi-ld/piece/8cf9897535d79e68c33a3076aa06d073/track00/event0848</uri>
				<uri>http://purl.org/midi-ld/piece/8cf9897535d79e68c33a3076aa06d073/track00/event0849</uri>
				<uri>http://purl.org/midi-ld/piece/8cf9897535d79e68c33a3076aa06d073/track00/event0850</uri>
				<uri>http://purl.org/midi-ld/piece/8cf9897535d79e68c33a3076aa06d073/track00/event0851</uri>
				<uri>http://purl.org/midi-ld/piece/8cf9897535d79e68c33a3076aa06d073/track00/event0852</uri>
				<uri>http://purl.org/midi-ld/piece/8cf9897535d79e68c33a3076aa06d073/track00/event0853</uri>
				<uri>http://purl.org/midi-ld/piece/8cf9897535d79e68c33a3076aa06d073/track00/event0854</uri>
				<uri>http://purl.org/midi-ld/piece/8cf9897535d79e68c33a3076aa06d073/track00/event0855</uri>
				<uri>http://purl.org/midi-ld/piece/8cf9897535d79e68c33a3076aa06d073/track00/event0856</uri>
				<uri>http://purl.org/midi-ld/piece/8cf9897535d79e68c33a3076aa06d073/track00/event0857</uri>
				<uri>http://purl.org/midi-ld/piece/8cf9897535d79e68c33a3076aa06d073/track00/event0858</uri>
				<uri>http://purl.org/midi-ld/piece/8cf9897535d79e68c33a3076aa06d073/track00/event0859</uri>
				<uri>http://purl.org/midi-ld/piece/8cf9897535d79e68c33a3076aa06d073/track00/event0860</uri>
				<uri>http://purl.org/midi-ld/piece/8cf9897535d79e68c33a3076aa06d073/track00/event0861</uri>
				<uri>http://purl.org/midi-ld/piece/8cf9897535d79e68c33a3076aa06d073/track00/event0862</uri>
				<uri>http://purl.org/midi-ld/piece/8cf9897535d79e68c33a3076aa06d073/track00/event0863</uri>
				<uri>http://purl.org/midi-ld/piece/8cf9897535d79e68c33a3076aa06d073/track00/event0864</uri>
				<uri>http://purl.org/midi-ld/piece/8cf9897535d79e68c33a3076aa06d073/track00/event0865</uri>
				<uri>http://purl.org/midi-ld/piece/8cf9897535d79e68c33a3076aa06d073/track00/event0866</uri>
				<uri>http://purl.org/midi-ld/piece/8cf9897535d79e68c33a3076aa06d073/track00/event0867</uri>
				<uri>http://purl.org/midi-ld/piece/8cf9897535d79e68c33a3076aa06d073/track00/event0868</uri>
				<uri>http://purl.org/midi-ld/piece/8cf9897535d79e68c33a3076aa06d073/track00/event0869</uri>
				<uri>http://purl.org/midi-ld/piece/8cf9897535d79e68c33a3076aa06d073/track00/event0870</uri>
				<uri>http://purl.org/midi-ld/piece/8cf9897535d79e68c33a3076aa06d073/track00/event0871</uri>
				<uri>http://purl.org/midi-ld/piece/8cf9897535d79e68c33a3076aa06d073/track00/event0872</uri>
				<uri>http://purl.org/midi-ld/piece/8cf9897535d79e68c33a3076aa06d073/track00/event0873</uri>
				<uri>http://purl.org/midi-ld/piece/8cf9897535d79e68c33a3076aa06d073/track00/event0874</uri>
				<uri>http://purl.org/midi-ld/piece/8cf9897535d79e68c33a3076aa06d073/track00/event0875</uri>
				<uri>http://purl.org/midi-ld/piece/8cf9897535d79e68c33a3076aa06d073/track00/event0876</uri>
				<uri>http://purl.org/midi-ld/piece/8cf9897535d79e68c33a3076aa06d073/track00/event0877</uri>
				<uri>http://purl.org/midi-ld/piece/8cf9897535d79e68c33a3076aa06d073/track00/event0878</uri>
				<uri>http://purl.org/midi-ld/piece/8cf9897535d79e68c33a3076aa06d073/track00/event0879</uri>
				<uri>http://purl.org/midi-ld/piece/8cf9897535d79e68c33a3076aa06d073/track00/event0880</uri>
				<uri>http://purl.org/midi-ld/piece/8cf9897535d79e68c33a3076aa06d073/track00/event0881</uri>
				<uri>http://purl.org/midi-ld/piece/8cf9897535d79e68c33a3076aa06d073/track00/event0882</uri>
				<uri>http://purl.org/midi-ld/piece/8cf9897535d79e68c33a3076aa06d073/track00/event0883</uri>
				<uri>http://purl.org/midi-ld/piece/8cf9897535d79e68c33a3076aa06d073/track00/event0884</uri>
				<uri>http://purl.org/midi-ld/piece/8cf9897535d79e68c33a3076aa06d073/track00/event0885</uri>
				<uri>http://purl.org/midi-ld/piece/8cf9897535d79e68c33a3076aa06d073/track00/event0886</uri>
				<uri>http://purl.org/midi-ld/piece/8cf9897535d79e68c33a3076aa06d073/track00/event0887</uri>
				<uri>http://purl.org/midi-ld/piece/8cf9897535d79e68c33a3076aa06d073/track00/event0888</uri>
				<uri>http://purl.org/midi-ld/piece/8cf9897535d79e68c33a3076aa06d073/track00/event0889</uri>
				<uri>http://purl.org/midi-ld/piece/8cf9897535d79e68c33a3076aa06d073/track00/event0890</uri>
				<uri>http://purl.org/midi-ld/piece/8cf9897535d79e68c33a3076aa06d073/track00/event0891</uri>
				<uri>http://purl.org/midi-ld/piece/8cf9897535d79e68c33a3076aa06d073/track00/event0892</uri>
				<uri>http://purl.org/midi-ld/piece/8cf9897535d79e68c33a3076aa06d073/track00/event0893</uri>
				<uri>http://purl.org/midi-ld/piece/8cf9897535d79e68c33a3076aa06d073/track00/event0894</uri>
				<uri>http://purl.org/midi-ld/piece/8cf9897535d79e68c33a3076aa06d073/track00/event0895</uri>
				<uri>http://purl.org/midi-ld/piece/8cf9897535d79e68c33a3076aa06d073/track00/event0896</uri>
				<uri>http://purl.org/midi-ld/piece/8cf9897535d79e68c33a3076aa06d073/track00/event0897</uri>
				<uri>http://purl.org/midi-ld/piece/8cf9897535d79e68c33a3076aa06d073/track00/event0898</uri>
				<uri>http://purl.org/midi-ld/piece/8cf9897535d79e68c33a3076aa06d073/track00/event0899</uri>
				<uri>http://purl.org/midi-ld/piece/8cf9897535d79e68c33a3076aa06d073/track00/event0900</uri>
				<uri>http://purl.org/midi-ld/piece/8cf9897535d79e68c33a3076aa06d073/track00/event0901</uri>
				<uri>http://purl.org/midi-ld/piece/8cf9897535d79e68c33a3076aa06d073/track00/event0902</uri>
				<uri>http://purl.org/midi-ld/piece/8cf9897535d79e68c33a3076aa06d073/track00/event0903</uri>
				<uri>http://purl.org/midi-ld/piece/8cf9897535d79e68c33a3076aa06d073/track00/event0904</uri>
				<uri>http://purl.org/midi-ld/piece/8cf9897535d79e68c33a3076aa06d073/track00/event0905</uri>
				<uri>http://purl.org/midi-ld/piece/8cf9897535d79e68c33a3076aa06d073/track00/event0906</uri>
				<uri>http://purl.org/midi-ld/piece/8cf9897535d79e68c33a3076aa06d073/track00/event0907</uri>
				<uri>http://purl.org/midi-ld/piece/8cf9897535d79e68c33a3076aa06d073/track00/event0908</uri>
				<uri>http://purl.org/midi-ld/piece/8cf9897535d79e68c33a3076aa06d073/track00/event0909</uri>
				<uri>http://purl.org/midi-ld/piece/8cf9897535d79e68c33a3076aa06d073/track00/event0910</uri>
				<uri>http://purl.org/midi-ld/piece/8cf9897535d79e68c33a3076aa06d073/track00/event0911</uri>
				<uri>http://purl.org/midi-ld/piece/8cf9897535d79e68c33a3076aa06d073/track00/event0912</uri>
				<uri>http://purl.org/midi-ld/piece/8cf9897535d79e68c33a3076aa06d073/track00/event0913</uri>
				<uri>http://purl.org/midi-ld/piece/8cf9897535d79e68c33a3076aa06d073/track00/event0914</uri>
				<uri>http://purl.org/midi-ld/piece/8cf9897535d79e68c33a3076aa06d073/track00/event0915</uri>
				<uri>http://purl.org/midi-ld/piece/8cf9897535d79e68c33a3076aa06d073/track00/event0916</uri>
				<uri>http://purl.org/midi-ld/piece/8cf9897535d79e68c33a3076aa06d073/track00/event0917</uri>
				<uri>http://purl.org/midi-ld/piece/8cf9897535d79e68c33a3076aa06d073/track00/event0918</uri>
				<uri>http://purl.org/midi-ld/piece/8cf9897535d79e68c33a3076aa06d073/track00/event0919</uri>
				<uri>http://purl.org/midi-ld/piece/8cf9897535d79e68c33a3076aa06d073/track00/event0920</uri>
				<uri>http://purl.org/midi-ld/piece/8cf9897535d79e68c33a3076aa06d073/track00/event0921</uri>
				<uri>http://purl.org/midi-ld/piece/8cf9897535d79e68c33a3076aa06d073/track00/event0922</uri>
				<uri>http://purl.org/midi-ld/piece/8cf9897535d79e68c33a3076aa06d073/track00/event0923</uri>
				<uri>http://purl.org/midi-ld/piece/8cf9897535d79e68c33a3076aa06d073/track00/event0924</uri>
				<uri>http://purl.org/midi-ld/piece/8cf9897535d79e68c33a3076aa06d073/track00/event0925</uri>
				<uri>http://purl.org/midi-ld/piece/8cf9897535d79e68c33a3076aa06d073/track00/event0926</uri>
				<uri>http://purl.org/midi-ld/piece/8cf9897535d79e68c33a3076aa06d073/track00/event0927</uri>
				<uri>http://purl.org/midi-ld/piece/8cf9897535d79e68c33a3076aa06d073/track00/event0928</uri>
				<uri>http://purl.org/midi-ld/piece/8cf9897535d79e68c33a3076aa06d073/track00/event0929</uri>
				<uri>http://purl.org/midi-ld/piece/8cf9897535d79e68c33a3076aa06d073/track00/event0930</uri>
				<uri>http://purl.org/midi-ld/piece/8cf9897535d79e68c33a3076aa06d073/track00/event0931</uri>
				<uri>http://purl.org/midi-ld/piece/8cf9897535d79e68c33a3076aa06d073/track00/event0932</uri>
				<uri>http://purl.org/midi-ld/piece/8cf9897535d79e68c33a3076aa06d073/track00/event0933</uri>
				<uri>http://purl.org/midi-ld/piece/8cf9897535d79e68c33a3076aa06d073/track00/event0934</uri>
				<uri>http://purl.org/midi-ld/piece/8cf9897535d79e68c33a3076aa06d073/track00/event0935</uri>
				<uri>http://purl.org/midi-ld/piece/8cf9897535d79e68c33a3076aa06d073/track00/event0936</uri>
				<uri>http://purl.org/midi-ld/piece/8cf9897535d79e68c33a3076aa06d073/track00/event0937</uri>
				<uri>http://purl.org/midi-ld/piece/8cf9897535d79e68c33a3076aa06d073/track00/event0938</uri>
				<uri>http://purl.org/midi-ld/piece/8cf9897535d79e68c33a3076aa06d073/track00/event0939</uri>
				<uri>http://purl.org/midi-ld/piece/8cf9897535d79e68c33a3076aa06d073/track00/event0940</uri>
				<uri>http://purl.org/midi-ld/piece/8cf9897535d79e68c33a3076aa06d073/track00/event0941</uri>
				<uri>http://purl.org/midi-ld/piece/8cf9897535d79e68c33a3076aa06d073/track00/event0942</uri>
				<uri>http://purl.org/midi-ld/piece/8cf9897535d79e68c33a3076aa06d073/track00/event0943</uri>
				<uri>http://purl.org/midi-ld/piece/8cf9897535d79e68c33a3076aa06d073/track00/event0944</uri>
				<uri>http://purl.org/midi-ld/piece/8cf9897535d79e68c33a3076aa06d073/track00/event0945</uri>
				<uri>http://purl.org/midi-ld/piece/8cf9897535d79e68c33a3076aa06d073/track00/event0946</uri>
				<uri>http://purl.org/midi-ld/piece/8cf9897535d79e68c33a3076aa06d073/track00/event0947</uri>
				<uri>http://purl.org/midi-ld/piece/8cf9897535d79e68c33a3076aa06d073/track00/event0948</uri>
				<uri>http://purl.org/midi-ld/piece/8cf9897535d79e68c33a3076aa06d073/track00/event0949</uri>
				<uri>http://purl.org/midi-ld/piece/8cf9897535d79e68c33a3076aa06d073/track00/event0950</uri>
				<uri>http://purl.org/midi-ld/piece/8cf9897535d79e68c33a3076aa06d073/track00/event0951</uri>
				<uri>http://purl.org/midi-ld/piece/8cf9897535d79e68c33a3076aa06d073/track00/event0952</uri>
				<uri>http://purl.org/midi-ld/piece/8cf9897535d79e68c33a3076aa06d073/track00/event0953</uri>
				<uri>http://purl.org/midi-ld/piece/8cf9897535d79e68c33a3076aa06d073/track00/event0954</uri>
				<uri>http://purl.org/midi-ld/piece/8cf9897535d79e68c33a3076aa06d073/track00/event0955</uri>
				<uri>http://purl.org/midi-ld/piece/8cf9897535d79e68c33a3076aa06d073/track00/event0956</uri>
				<uri>http://purl.org/midi-ld/piece/8cf9897535d79e68c33a3076aa06d073/track00/event0957</uri>
				<uri>http://purl.org/midi-ld/piece/8cf9897535d79e68c33a3076aa06d073/track00/event0958</uri>
				<uri>http://purl.org/midi-ld/piece/8cf9897535d79e68c33a3076aa06d073/track00/event0959</uri>
				<uri>http://purl.org/midi-ld/piece/8cf9897535d79e68c33a3076aa06d073/track00/event0960</uri>
				<uri>http://purl.org/midi-ld/piece/8cf9897535d79e68c33a3076aa06d073/track00/event0961</uri>
				<uri>http://purl.org/midi-ld/piece/8cf9897535d79e68c33a3076aa06d073/track00/event0962</uri>
				<uri>http://purl.org/midi-ld/piece/8cf9897535d79e68c33a3076aa06d073/track00/event0963</uri>
				<uri>http://purl.org/midi-ld/piece/8cf9897535d79e68c33a3076aa06d073/track00/event0964</uri>
				<uri>http://purl.org/midi-ld/piece/8cf9897535d79e68c33a3076aa06d073/track00/event0965</uri>
				<uri>http://purl.org/midi-ld/piece/8cf9897535d79e68c33a3076aa06d073/track00/event0966</uri>
				<uri>http://purl.org/midi-ld/piece/8cf9897535d79e68c33a3076aa06d073/track00/event0967</uri>
				<uri>http://purl.org/midi-ld/piece/8cf9897535d79e68c33a3076aa06d073/track00/event0968</uri>
				<uri>http://purl.org/midi-ld/piece/8cf9897535d79e68c33a3076aa06d073/track00/event0969</uri>
				<uri>http://purl.org/midi-ld/piece/8cf9897535d79e68c33a3076aa06d073/track00/event0970</uri>
				<uri>http://purl.org/midi-ld/piece/8cf9897535d79e68c33a3076aa06d073/track00/event0971</uri>
				<uri>http://purl.org/midi-ld/piece/8cf9897535d79e68c33a3076aa06d073/track00/event0972</uri>
				<uri>http://purl.org/midi-ld/piece/8cf9897535d79e68c33a3076aa06d073/track00/event0973</uri>
				<uri>http://purl.org/midi-ld/piece/8cf9897535d79e68c33a3076aa06d073/track00/event0974</uri>
				<uri>http://purl.org/midi-ld/piece/8cf9897535d79e68c33a3076aa06d073/track00/event0975</uri>
				<uri>http://purl.org/midi-ld/piece/8cf9897535d79e68c33a3076aa06d073/track00/event0976</uri>
				<uri>http://purl.org/midi-ld/piece/8cf9897535d79e68c33a3076aa06d073/track00/event0977</uri>
				<uri>http://purl.org/midi-ld/piece/8cf9897535d79e68c33a3076aa06d073/track00/event0978</uri>
				<uri>http://purl.org/midi-ld/piece/8cf9897535d79e68c33a3076aa06d073/track00/event0979</uri>
				<uri>http://purl.org/midi-ld/piece/8cf9897535d79e68c33a3076aa06d073/track00/event0980</uri>
				<uri>http://purl.org/midi-ld/piece/8cf9897535d79e68c33a3076aa06d073/track00/event0981</uri>
				<uri>http://purl.org/midi-ld/piece/8cf9897535d79e68c33a3076aa06d073/track00/event0982</uri>
				<uri>http://purl.org/midi-ld/piece/8cf9897535d79e68c33a3076aa06d073/track00/event0983</uri>
				<uri>http://purl.org/midi-ld/piece/8cf9897535d79e68c33a3076aa06d073/track00/event0984</uri>
				<uri>http://purl.org/midi-ld/piece/8cf9897535d79e68c33a3076aa06d073/track00/event0985</uri>
				<uri>http://purl.org/midi-ld/piece/8cf9897535d79e68c33a3076aa06d073/track00/event0986</uri>
				<uri>http://purl.org/midi-ld/piece/8cf9897535d79e68c33a3076aa06d073/track00/event0987</uri>
				<uri>http://purl.org/midi-ld/piece/8cf9897535d79e68c33a3076aa06d073/track00/event0988</uri>
				<uri>http://purl.org/midi-ld/piece/8cf9897535d79e68c33a3076aa06d073/track00/event0989</uri>
				<uri>http://purl.org/midi-ld/piece/8cf9897535d79e68c33a3076aa06d073/track00/event0990</uri>
				<uri>http://purl.org/midi-ld/piece/8cf9897535d79e68c33a3076aa06d073/track00/event0991</uri>
				<uri>http://purl.org/midi-ld/piece/8cf9897535d79e68c33a3076aa06d073/track00/event0992</uri>
				<uri>http://purl.org/midi-ld/piece/8cf9897535d79e68c33a3076aa06d073/track00/event0993</uri>
				<uri>http://purl.org/midi-ld/piece/8cf9897535d79e68c33a3076aa06d073/track00/event0994</uri>
				<uri>http://purl.org/midi-ld/piece/8cf9897535d79e68c33a3076aa06d073/track00/event0995</uri>
				<uri>http://purl.org/midi-ld/piece/8cf9897535d79e68c33a3076aa06d073/track00/event0996</uri>
				<uri>http://purl.org/midi-ld/piece/8cf9897535d79e68c33a3076aa06d073/track00/event0997</uri>
				<uri>http://purl.org/midi-ld/piece/8cf9897535d79e68c33a3076aa06d073/track00/event0998</uri>
				<uri>http://purl.org/midi-ld/piece/8cf9897535d79e68c33a3076aa06d073/track00/event0999</uri>
